filepath,cddd,smiles
../drug-diffuser-0717/datasets/LiverTox/Teriflunomide.jpg,,CC(O)=C(C#N)C(=O)Nc1ccc(C(F)(F)F)cc1
../drug-diffuser-0717/datasets/LiverTox/Azathioprine.jpg,,Cn1cnc([N+](=O)[O-])c1Sc1ncnc2[nH]cnc12
../drug-diffuser-0717/datasets/LiverTox/Phenytoin.jpg,,O=C1NC(=O)C(c2ccccc2)(c2ccccc2)N1
../drug-diffuser-0717/datasets/LiverTox/Memantine.jpg,,CC12CC3CC(C)(C1)CC(N)(C3)C2
../drug-diffuser-0717/datasets/LiverTox/Ethambutol.jpg,,CCC(CO)NCCNC(CC)CO
../drug-diffuser-0717/datasets/LiverTox/Olaparib.jpg,,O=C(c1cc(Cc2n[nH]c(=O)c3ccccc23)ccc1F)N1CCN(C(=O)C2CC2)CC1
../drug-diffuser-0717/datasets/LiverTox/Riluzole.jpg,,Nc1nc2ccc(OC(F)(F)F)cc2s1
../drug-diffuser-0717/datasets/LiverTox/Eravacycline.jpg,,CN(C)C1C(=O)C(C(N)=O)=C(O)C2(O)C(=O)C3=C(O)c4c(O)c(NC(=O)CN5CCCC5)cc(F)c4CC3CC12
../drug-diffuser-0717/datasets/LiverTox/Tolmetin.jpg,,Cc1ccc(C(=O)c2ccc(CC(=O)O)n2C)cc1
../drug-diffuser-0717/datasets/LiverTox/Benztropine.jpg,,CN1C2CCC1CC(OC(c1ccccc1)c1ccccc1)C2
../drug-diffuser-0717/datasets/LiverTox/Duloxetine.jpg,,CNCCC(Oc1cccc2ccccc12)c1cccs1
../drug-diffuser-0717/datasets/LiverTox/Lasmiditan.jpg,,CN1CCC(C(=O)c2cccc(NC(=O)c3c(F)cc(F)cc3F)n2)CC1
../drug-diffuser-0717/datasets/LiverTox/Vigabatrin.jpg,,C=CC(N)CCC(=O)O
../drug-diffuser-0717/datasets/LiverTox/Heparin.jpg,,CC(=O)C1OC(OC2C(O)C(O)C(OS(=O)(=O)O)C(O)C2OS(=O)(=O)O)OC1C1OC(C(=O)O)C(O)C(O)C1NC(=O)O
../drug-diffuser-0717/datasets/LiverTox/Venetoclax.jpg,,CC1(C)CCC(Nc2cc(N3CCOCC3)c(S(=O)(=O)Nc3ccc(-c4cc[nH]c4)c(NCc4ccc(F)cc4)c3)cc2C2=CC2)CC1
../drug-diffuser-0717/datasets/LiverTox/Voclosporin.jpg,,CC(C)CC1NC(=O)c2cc(ccc2O)NC(=O)C(C(C)C)NC(=O)CC(C)C=CCC(C)C(=O)NC(C(C)C)C(=O)NC(C)CNC1=O
../drug-diffuser-0717/datasets/LiverTox/Anastrozole.jpg,,CC(C)(C#N)c1cc(Cn2cncn2)cc(C(C)(C)C#N)c1
../drug-diffuser-0717/datasets/LiverTox/Suvorexant.jpg,,Cc1ccc2nc(N3CCC(C)N(C(=O)c4cc(Cl)ccc4-n4nccn4)CC3)sc2c1
../drug-diffuser-0717/datasets/LiverTox/Talazoparib.jpg,,
../drug-diffuser-0717/datasets/LiverTox/Ribavirin.jpg,,NC(=O)c1ncn(C2OC(CO)C(O)C2O)n1
../drug-diffuser-0717/datasets/LiverTox/Tamoxifen.jpg,,CCC(=C(c1ccccc1)c1ccc(OCCN(C)C)cc1)c1ccccc1
../drug-diffuser-0717/datasets/LiverTox/Terazosin.jpg,,COc1cc2nc(N3CCN(C(=O)C4CCCO4)CC3)nc(N)c2cc1OC
../drug-diffuser-0717/datasets/LiverTox/Vismodegib.jpg,,CS(=O)(=O)c1ccc(C(=O)Nc2cc(Cl)c(-c3ccccn3)c(Cl)c2)cc1
../drug-diffuser-0717/datasets/LiverTox/Tenapanor.jpg,,CC(CO)CCCCCC(=O)NCCCCCCOCCCCC=C1CC(O)CCC1C(=O)O
../drug-diffuser-0717/datasets/LiverTox/Ozanimod.jpg,,CC(C)Oc1ccc(-c2nc(-c3cccc4c3CCC4NCCO)no2)cc1C#N
../drug-diffuser-0717/datasets/LiverTox/Clonazepam.jpg,,O=C1CN=C(c2ccccc2Cl)c2cc([N+](=O)[O-])ccc2N1
../drug-diffuser-0717/datasets/LiverTox/Warfarin.jpg,,CC(=O)CC(c1ccccc1)c1c(O)c2ccccc2oc1=O
../drug-diffuser-0717/datasets/LiverTox/Naldemedine.jpg,,CC(C)(NC(=O)C1=C(O)C2Oc3c(O)ccc4c3C2(CCN(CC2CC2)C4)C1)c1nc(-c2ccccc2)no1
../drug-diffuser-0717/datasets/LiverTox/Crizotinib.jpg,,CC(Oc1cc(-c2cnn(C3CCNCC3)c2)cnc1N)c1c(Cl)ccc(F)c1Cl
../drug-diffuser-0717/datasets/LiverTox/Prochlorperazine.jpg,,CN1CCN(CCCN2c3ccccc3Sc3ccc(Cl)cc32)CC1
../drug-diffuser-0717/datasets/LiverTox/Trospium.jpg,,O=C(OC1CC2CCC(C1)[N+]21CCCC1)C(O)(c1ccccc1)c1ccccc1
../drug-diffuser-0717/datasets/LiverTox/Paliperidone.jpg,,Cc1nc2n(c(=O)c1CCN1CCC(c3noc4cc(F)ccc34)CC1)CCCC2O
../drug-diffuser-0717/datasets/LiverTox/Lamivudine.jpg,,Nc1ccn(C2CSC(CO)O2)c(=O)n1
../drug-diffuser-0717/datasets/LiverTox/Tecovirimat.jpg,,O=C(NN1C(=O)C2C3C=CC(C4CC34)C2C1=O)c1ccc(C(F)(F)F)cc1
../drug-diffuser-0717/datasets/LiverTox/Lorazepam.jpg,,O=C1NC(c2ccccc2Cl)c2cc(Cl)ccc2N=C1O
../drug-diffuser-0717/datasets/LiverTox/Tedizolid.jpg,,Cn1nnc(-c2ccc(-c3ccc(N4CC(CO)OC4=O)cc3F)cn2)n1
../drug-diffuser-0717/datasets/LiverTox/Ponesimod.jpg,,CCCN=C1SC(=Cc2ccc(OCC(O)CO)c(Cl)c2)C(=O)N1c1ccccc1C
../drug-diffuser-0717/datasets/LiverTox/Chamomile.jpg,,O=c1cc(-c2ccc(O)cc2)oc2c(O)cc(O)cc12
../drug-diffuser-0717/datasets/LiverTox/Stavudine.jpg,,Cc1cn(C2C=CC(CO)O2)c(=O)[nH]c1=O
../drug-diffuser-0717/datasets/LiverTox/Enfuvirtide.jpg,,
../drug-diffuser-0717/datasets/LiverTox/Sarecycline.jpg,,CON(C)C1CC(=O)c2c(O)ccc(CN3CC4C(N(C)C)C(O)=C(C(N)=O)C(=O)C4(O)C3)c2C1=O
../drug-diffuser-0717/datasets/LiverTox/Ertapenem.jpg,,CC(O)C1C(=O)N2C(C(=O)O)=C(SC3CNC(C(=O)Nc4cccc(C(=O)O)c4)C3)C(C)C12
../drug-diffuser-0717/datasets/LiverTox/Tacrolimus.jpg,,C=CCC1CC(C)C(OC(=O)C2CCC(C)O2)C(O)CC(=C)C(C)=CC(C)C(OC2CCCCC2)NC(=O)C(C)CC(C)C(=O)C1O
../drug-diffuser-0717/datasets/LiverTox/Lopinavir.jpg,,Cc1cccc(C)c1OCC(=O)NC(Cc1ccccc1)C(CC(O)CNC(Cc1ccccc1)C(C)C)N1CCCNC1=O
../drug-diffuser-0717/datasets/LiverTox/Eliglustat.jpg,,CCCCCCCC(=O)NC(CN1CCCC1)C(O)c1ccc2c(c1)OCCO2
../drug-diffuser-0717/datasets/LiverTox/Crofelemer.jpg,,COc1ccccc1CNC(=O)c1cc(-c2ccccc2)on1
../drug-diffuser-0717/datasets/LiverTox/Eplerenone.jpg,,COC(=O)C1CC2=CC(=O)CCC2(C)C2CCC3(C)C(CCC34CCC(=O)O4)CC12O
../drug-diffuser-0717/datasets/LiverTox/Ritonavir.jpg,,Cc1cnc(C(C)C)nc1CN(C)C(=O)NC(Cc1ccccc1)C(O)C(Cc1ccccc1)NC(=O)C(N)Cc1cncs1
../drug-diffuser-0717/datasets/LiverTox/Decitabine.jpg,,Nc1ncn(C2CC(O)C(CO)O2)c(=O)n1
../drug-diffuser-0717/datasets/LiverTox/Flibanserin.jpg,,O=c1[nH]c2ccccc2n1CCN1CCN(c2cccc(C(F)(F)F)c2)CC1
../drug-diffuser-0717/datasets/LiverTox/Pyrazinamide.jpg,,NC(=O)c1cnccn1
../drug-diffuser-0717/datasets/LiverTox/Tadalafil.jpg,,CN1CC(=O)N2C(Cc3c([nH]c4ccccc34)C2c2ccc3c(c2)OCO3)C1=O
../drug-diffuser-0717/datasets/LiverTox/Pioglitazone.jpg,,CCc1ccc(CCOc2ccc(CC3SC(=O)NC3=O)cc2)nc1
../drug-diffuser-0717/datasets/LiverTox/Aztreonam.jpg,,CC1C(NC(=O)C(=NOC(C)(C)C(=O)O)c2csc(N)n2)C(=O)N1S(=O)(=O)O
../drug-diffuser-0717/datasets/LiverTox/Hyoscyamine.jpg,,CN1C2CCC1CC(OC(=O)C(CO)c1ccccc1)C2
../drug-diffuser-0717/datasets/LiverTox/Topiramate.jpg,,CC1(C)OC2COC3C(COS(N)(=O)=O)OC(C)(C)OC3C2O1
../drug-diffuser-0717/datasets/LiverTox/Teriparatide.jpg,,
../drug-diffuser-0717/datasets/LiverTox/Ranitidine.jpg,,CNC(=C[N+](=O)[O-])NCCSCc1ccc(CN(C)C)o1
../drug-diffuser-0717/datasets/LiverTox/Relugolix.jpg,,COCC(=O)Nc1ccc(-c2c(C)c3cc(NC(=O)N(C)C)ccc3c(=O)n2Cc2c(OC)cccc2-c2cccs2)nc1
../drug-diffuser-0717/datasets/LiverTox/Albendazole.jpg,,CCCSc1ccc2nc(NC(=O)OC)[nH]c2c1
../drug-diffuser-0717/datasets/LiverTox/Bosentan.jpg,,COc1ccccc1Oc1c(NS(=O)(=O)c2ccccn2)nc(NCCO)nc1-c1ccc(C(C)(C)C)cc1
../drug-diffuser-0717/datasets/LiverTox/Ixabepilone.jpg,,CC(=Cc1csc(C)n1)C1CC2OC2(C)CCCC(C)C(O)C(C)C(=O)C(C)(C)C(O)CC(=O)N1
../drug-diffuser-0717/datasets/LiverTox/Bisacodyl.jpg,,CC(=O)Oc1ccc(C(c2ccc(OC(C)=O)cc2)c2ccccn2)cc1
../drug-diffuser-0717/datasets/LiverTox/Clomipramine.jpg,,CN(C)CCCN1c2ccccc2CCc2ccc(Cl)cc21
../drug-diffuser-0717/datasets/LiverTox/Mycophenolate.jpg,,COc1c(C)c(CC=C(C)CCC(=O)O)c2c(c1O)CCC(=O)OC2
../drug-diffuser-0717/datasets/LiverTox/Nalmefene.jpg,,C=C1CCC2(O)C3Cc4ccc(O)c5c4C2(CCN3CC2CC2)C1O5
../drug-diffuser-0717/datasets/LiverTox/Tiagabine.jpg,,Cc1ccsc1C(=CCCN1CCCC(C(=O)O)C1)c1sccc1C
../drug-diffuser-0717/datasets/LiverTox/Finasteride.jpg,,CC1(C)C=CC(=O)NC2CCC3C(CCC21)CCC1(C)C(=O)NC(C)(C)C31
../drug-diffuser-0717/datasets/LiverTox/Tamsulosin.jpg,,CCOc1ccccc1OCCNC(C)Cc1ccc(OC)c(S(N)(=O)=O)c1
../drug-diffuser-0717/datasets/LiverTox/Mexiletine.jpg,,Cc1cccc(C)c1OCC(C)N
../drug-diffuser-0717/datasets/LiverTox/Ambrisentan.jpg,,COC(Oc1cc(C)cc(C)n1)(C(=O)O)C(c1ccccc1)c1ccccc1
../drug-diffuser-0717/datasets/LiverTox/Valsartan.jpg,,CCCCC(=O)N(Cc1ccc(-c2ccccc2-c2nn[nH]n2)cc1)C(C(=O)O)C(C)C
../drug-diffuser-0717/datasets/LiverTox/Metformin.jpg,,CN(C)C(=N)N=C(N)N
../drug-diffuser-0717/datasets/LiverTox/SMZ-TMP.jpg,,COc1cc(Cc2cnc(N)nc2N)cc(OC)c1OC
../drug-diffuser-0717/datasets/LiverTox/Rilpivirine.jpg,,Cc1cc(C=CC#N)cc(C)c1Nc1nccc(Nc2ccc(C#N)cc2)n1
../drug-diffuser-0717/datasets/LiverTox/Telmisartan.jpg,,CCCc1nc2c(-c3nc4ccccc4n3C)cccc2n1Cc1ccc(-c2ccccc2C(=O)O)cc1
../drug-diffuser-0717/datasets/LiverTox/Carvedilol.jpg,,COc1ccccc1OCCNCC(O)COc1cccc2[nH]c3ccccc3c12
../drug-diffuser-0717/datasets/LiverTox/Pasireotide.jpg,,NCCCC1NC(=O)C(Cc2ccccc2)NC(=O)C(Cc2ccccc2)NC(=O)c2ccc(cc2)C(c2ccccc2)NC(=O)C1NCC(=O)O
../drug-diffuser-0717/datasets/LiverTox/Caffeine.jpg,,
../drug-diffuser-0717/datasets/LiverTox/Nizatidine.jpg,,CNC(=C[N+](=O)[O-])NCCSCc1csc(CN(C)C)n1
../drug-diffuser-0717/datasets/LiverTox/Tigecycline.jpg,,CN(C)Cc1cc(NC(=O)C(C)(C)C)c2c(c1O)C(O)=C1C(=O)C3(O)C(O)=C(C(N)=O)C(=O)C(N(C)C)C3CC1C2
../drug-diffuser-0717/datasets/LiverTox/Axitinib.jpg,,CNC(=O)c1ccccc1Sc1ccc2c(C=Cc3ccccn3)n[nH]c2c1
../drug-diffuser-0717/datasets/LiverTox/Ponatinib.jpg,,Cc1ccc(C#Cc2ccc(NC(=O)c3cnccn3)cc2C(F)(F)F)cc1CN1CCN(C)c2nccn2C1
../drug-diffuser-0717/datasets/LiverTox/Apixaban.jpg,,COc1ccc(-n2nc(C(N)=O)c3c2CCN(c2ccc(N4CCCCC4=O)cc2)C3=O)cc1
../drug-diffuser-0717/datasets/LiverTox/Imatinib.jpg,,Cc1ccc(NC(=O)c2ccc(CN3CCN(C)CC3)cc2)cc1Nc1nccc(-c2cccnc2)n1
../drug-diffuser-0717/datasets/LiverTox/Cladribine.jpg,,Nc1nc(Cl)nc2c1ncn2C1OC(N)CC1O
../drug-diffuser-0717/datasets/LiverTox/Allopurinol.jpg,,O=c1[nH]cnc2[nH]ccc12
../drug-diffuser-0717/datasets/LiverTox/Pitavastatin.jpg,,O=C(O)CC(O)CC(O)C=Cc1c(C2CC2)nc2ccccc2c1-c1ccc(F)cc1
../drug-diffuser-0717/datasets/LiverTox/Acarbose.jpg,,CC1OC(OC2C(CO)OC(O)C(OC3OC(CO)C(O)C(O)C3O)C2O)C(OC2OC(CO)C(O)C(O)C2O)C(O)C1O
../drug-diffuser-0717/datasets/LiverTox/Ticlopidine.jpg,,Clc1ccccc1CN1CCc2sccc2C1
../drug-diffuser-0717/datasets/LiverTox/Entecavir.jpg,,C=C1C(O)C(CO)OC1n1cnc2c(=O)[nH]c(N)nc21
../drug-diffuser-0717/datasets/LiverTox/Demeclocycline.jpg,,CN(C)C1C(=O)C(C(N)=O)=C(O)C2(O)C(=O)c3c(c(O)c4c(Cl)ccc(O)c4c3O)CC12
../drug-diffuser-0717/datasets/LiverTox/Tipranavir.jpg,,CCCC1(CCc2ccccc2)CC(O)=C(C(CC)c2cccc(NS(=O)(=O)c3ccc(C(F)(F)F)cc3)c2)C(=O)O1
../drug-diffuser-0717/datasets/LiverTox/Cobimetinib.jpg,,O=C(c1ccc(F)cc1Nc1c(F)cc(F)cc1F)N1CC(O)(C2CCCCN2)C1
../drug-diffuser-0717/datasets/LiverTox/Bendamustine.jpg,,Cn1c(CCCC(=O)O)nc2cc(N(CCCl)CCCl)ccc21
../drug-diffuser-0717/datasets/LiverTox/Daclatasvir.jpg,,CNC(C(=O)N1CCCC1c1ncc(-c2ccc(-c3cnc(C4CCCN4C(=O)C(NC(=O)OC)C(C)C)c(C)c3)cc2)[nH]1)C(C)C
../drug-diffuser-0717/datasets/LiverTox/Fondaparinux.jpg,,COC1C(O)C(OC2OC(C(=O)O)C(OS(=O)(=O)O)C(O)C2O)OC2C([N+](=O)[O-])=C(C3CC(=O)NC3O)C(=O)C(C(=O)O)C21N
../drug-diffuser-0717/datasets/LiverTox/Nimodipine.jpg,,COCCOC(=O)C1=C(C)NC(C)=C(C(=O)OC(C)C)C1c1cccc([N+](=O)[O-])c1
../drug-diffuser-0717/datasets/LiverTox/Givosiran.jpg,,CC1CCC=CC(C)OC(=O)CCc2cc(ccc2O)CCCNC(C(=O)O)CC2OC2(C)CCCCNC(=O)C2CC(O)C=C2C1
../drug-diffuser-0717/datasets/LiverTox/Felodipine.jpg,,CCOC(=O)C1=C(C)NC(C)=C(C(=O)OC)C1c1cccc(Cl)c1Cl
../drug-diffuser-0717/datasets/LiverTox/Liraglutide.jpg,,C=CC1(C)CCC2OC(C3CCCC3)=CC2C2(O)C(C)Cc3cc4c(c(OC(=O)CC)c3NC12)C(=O)OC(C1C=CC(C)=CC1O)C4O
../drug-diffuser-0717/datasets/LiverTox/Isocarboxazid.jpg,,Cc1cc(C(=O)NNCc2ccccc2)no1
../drug-diffuser-0717/datasets/LiverTox/Telithromycin.jpg,,CCC1CC(=O)C(C)OC(=O)C(C2C=NN(C)C2)OC(=O)CC(C)C(O)CCCn2cc(nn2)C(C)C(c2ccccc2)NC(=O)C1C
../drug-diffuser-0717/datasets/LiverTox/Rivastigmine.jpg,,CCN(C)C(=O)Oc1cccc(C(C)N(C)C)c1
../drug-diffuser-0717/datasets/LiverTox/Ramipril.jpg,,CCOC(=O)C(CCc1ccccc1)NC(C)C(=O)N1C(C(=O)O)CC2CCCC21
../drug-diffuser-0717/datasets/LiverTox/Praziquantel.jpg,,O=C(C1CCCCC1)N1CC(=O)N2CCc3ccccc3C2C1
../drug-diffuser-0717/datasets/LiverTox/Phenylbutyrate.jpg,,O=C(O)CCCc1ccccc1
../drug-diffuser-0717/datasets/LiverTox/Dapsone.jpg,,Nc1ccc(S(=O)(=O)c2ccc(N)cc2)cc1
../drug-diffuser-0717/datasets/LiverTox/Lumateperone.jpg,,CN1CCN2CC3CCN(CCCC(=O)c4ccc(F)cc4)CC3c3cccc1c32
../drug-diffuser-0717/datasets/LiverTox/Insulin.jpg,,CC1Cc2cc(ccc2O)CC2OC2(C(=O)C2CCCN2)C(C)Cc2cc(ccc2O)C(O)C2C(=O)OC23C(C)C=CC(OC1=O)C3O
../drug-diffuser-0717/datasets/LiverTox/Vorapaxar.jpg,,CCOC(=O)NC1CCC2C(C1)CC1C(=O)OC(C)C1C2C=Cc1ccc(-c2cccc(F)c2)cn1
../drug-diffuser-0717/datasets/LiverTox/Aripiprazole.jpg,,O=C1CCc2ccc(OCCCCN3CCN(c4cccc(Cl)c4Cl)CC3)cc2N1
../drug-diffuser-0717/datasets/LiverTox/Lurasidone.jpg,,O=C1C2C3CCC(C3)C2C(=O)N1CC1CCCCC1CN1CCN(c2nsc3ccccc23)CC1
../drug-diffuser-0717/datasets/LiverTox/GabapentinEnacarbil.jpg,,CN(C)c1ccc(CN)cc1
../drug-diffuser-0717/datasets/LiverTox/Probenecid.jpg,,CCCN(CCC)S(=O)(=O)c1ccc(C(=O)O)cc1
../drug-diffuser-0717/datasets/LiverTox/Trientine.jpg,,NCCNCCNCCN
../drug-diffuser-0717/datasets/LiverTox/Zanamivir.jpg,,CC(=O)NC1C(N=C(N)N)C=C(C(=O)O)OC1C(O)C(O)CO
../drug-diffuser-0717/datasets/LiverTox/Lenalidomide.jpg,,Nc1cccc2c1CN(C1CCC(=O)NC1=O)C2=O
../drug-diffuser-0717/datasets/LiverTox/Nystatin.jpg,,CC1CNC(O)(C(=O)O)C=CC2C(C)CC(O)CC3C=CC=CCC(C)OC(=O)C3CCC(OC3OC(CO)C(O)C(O)C3O)C2C1
../drug-diffuser-0717/datasets/LiverTox/Dabrafenib.jpg,,CC(C)(C)c1nc(-c2cccc(NS(=O)(=O)c3c(F)cccc3F)c2)c(-c2ccnc(N)n2)s1
../drug-diffuser-0717/datasets/LiverTox/Tolterodine.jpg,,Cc1ccc(O)c(C(CCN(c2ccccc2)C(C)C)C(C)C)c1
../drug-diffuser-0717/datasets/LiverTox/Indinavir.jpg,,CC(C)(C)NC(=O)C1CN(Cc2cccnc2)CCN1CC(O)CC(Cc1ccccc1)C(=O)NC1c2ccccc2CC1O
../drug-diffuser-0717/datasets/LiverTox/Lithium.jpg,,CC1CC=CC1CBr
../drug-diffuser-0717/datasets/LiverTox/Erythromycin.jpg,,COC1CC(O)C(C)C(OC2OC(C)C(=O)C(C)C2O)C(C)(OC2OC(C)CC(N(C)C)C2O)C(C)CC(C)C(=O)C(C)C1O
../drug-diffuser-0717/datasets/LiverTox/Tacrine.jpg,,Nc1c2c(nc3ccccc13)CCCC2
../drug-diffuser-0717/datasets/LiverTox/Quetiapine.jpg,,OCCOCCN1CCN(C2=Nc3ccccc3Sc3ccccc32)CC1
../drug-diffuser-0717/datasets/LiverTox/Perindopril.jpg,,CCCC(NC(C)C(=O)N1C(C(=O)O)CC2CCCCC21)C(=O)OCC
../drug-diffuser-0717/datasets/LiverTox/Diflunisal.jpg,,O=C(O)c1cc(-c2ccc(F)cc2F)ccc1O
../drug-diffuser-0717/datasets/LiverTox/Adefovir.jpg,,Nc1ncnc2c1ncn2CCOCP(=O)(O)O
../drug-diffuser-0717/datasets/LiverTox/Alfuzosin.jpg,,COc1cc2nc(N(C)CCCNC(=O)C3CCCO3)nc(N)c2cc1OC
../drug-diffuser-0717/datasets/LiverTox/Atazanavir.jpg,,COC(=O)NC(C(=O)NC(Cc1ccc(-c2ccccc2)cc1)C(O)CN(NC(=O)OCc1ccccn1)C(C)(C)C)C(C)(C)C
../drug-diffuser-0717/datasets/LiverTox/Glucosamine.jpg,,NC1C(O)OC(CO)C(O)C1O
../drug-diffuser-0717/datasets/LiverTox/Rolapitant.jpg,,CC(OCC1(c2ccccc2)CCC2(CCC(=O)N2)CN1)c1cc(C(F)(F)F)cc(C(F)(F)F)c1
../drug-diffuser-0717/datasets/LiverTox/Triclabendazole.jpg,,CSc1nc2cc(Oc3cccc(Cl)c3Cl)c(Cl)cc2[nH]1
../drug-diffuser-0717/datasets/LiverTox/Sertraline.jpg,,CNC1CCC(c2ccc(Cl)c(Cl)c2)c2ccccc21
../drug-diffuser-0717/datasets/LiverTox/Sevoflurane.jpg,,FCOC(C(F)(F)F)C(F)(F)F
../drug-diffuser-0717/datasets/LiverTox/Gemcitabine.jpg,,Nc1ccn(C2OC(CO)C(O)C2(F)F)c(=O)n1
../drug-diffuser-0717/datasets/LiverTox/Asenapine.jpg,,CN1CC2c3ccccc3Oc3ccc(Cl)cc3C2C1
../drug-diffuser-0717/datasets/LiverTox/Futibatinib.jpg,,C=CC(=O)N1CCC(n2nc(C#Cc3cc(OC)cc(OC)c3)c3c(N)ncnc32)C1
../drug-diffuser-0717/datasets/LiverTox/Defibrotide.jpg,,CC(C)c1cc(-c2nc(=O)n(C)cc2OP(=O)(O)O)ccc1-c1cc(O)c2[nH]ccc2c1
../drug-diffuser-0717/datasets/LiverTox/Duvelisib.jpg,,CC(Nc1ncnc2nc[nH]c12)c1cc2cccc(Cl)c2c(=O)n1-c1ccccc1
../drug-diffuser-0717/datasets/LiverTox/Rasagiline.jpg,,C#CCNC1CCc2ccccc21
../drug-diffuser-0717/datasets/LiverTox/Migalastat.jpg,,OCC1NCC(O)C(O)C1O
../drug-diffuser-0717/datasets/LiverTox/Ibrutinib.jpg,,C=CC(=O)N1CCCC(n2nc(-c3ccc(Oc4ccccc4)cc3)c3c(N)ncnc32)C1
../drug-diffuser-0717/datasets/LiverTox/Cabazitaxel.jpg,,COC1CC2(O)C(C)C(=O)OC3C(OC(=O)c4ccccc4)C(NC(=O)C(C)=C(C)C)C4(C)OC(=O)C(C)=C(C4OC)C32C1=O
../drug-diffuser-0717/datasets/LiverTox/Salsalate.jpg,,O=C(Oc1ccccc1C(=O)O)c1ccccc1O
../drug-diffuser-0717/datasets/LiverTox/Febuxostat.jpg,,Cc1nc(-c2ccc(OCC(C)C)c(C#N)c2)sc1C(=O)O
../drug-diffuser-0717/datasets/LiverTox/Romidepsin.jpg,,C=CCC1OC(=O)C(=CC)NC(=O)C2CC(C)NC(=O)C2C=CCCSC(=O)C(C(C)C)NC1=O
../drug-diffuser-0717/datasets/LiverTox/Sunitinib.jpg,,CCN(CC)CCNC(=O)c1c(C)[nH]c(C=C2C(=O)Nc3ccc(F)cc32)c1C
../drug-diffuser-0717/datasets/LiverTox/Selexipag.jpg,,CC(C)N(CCCCOCC(=O)NS(C)(=O)=O)c1cnc(-c2ccccc2)c(-c2ccccc2)n1
../drug-diffuser-0717/datasets/LiverTox/Nicardipine.jpg,,COC(=O)C1=C(C)NC(C)=C(C(=O)OCCN(C)Cc2ccccc2)C1c1cccc([N+](=O)[O-])c1
../drug-diffuser-0717/datasets/LiverTox/Donepezil.jpg,,COc1cc2c(cc1OC)C(=O)C(CC1CCN(Cc3ccccc3)CC1)C2
../drug-diffuser-0717/datasets/LiverTox/Rabeprazole.jpg,,COCCCOc1ccnc(CS(=O)c2nc3ccccc3[nH]2)c1C
../drug-diffuser-0717/datasets/LiverTox/Pazopanib.jpg,,Cc1ccc(Nc2nccc(N(C)c3ccc4c(C)c(C)n(C)c4c3)n2)cc1S(N)(=O)=O
../drug-diffuser-0717/datasets/LiverTox/Oseltamivir.jpg,,CCOC(=O)C1=CC(OC(CC)CC)C(NC(C)=O)C(N)C1
../drug-diffuser-0717/datasets/LiverTox/Rucaparib.jpg,,CNCc1ccc(-c2[nH]c3cc(F)cc4c3c2CCNC4=O)cc1
../drug-diffuser-0717/datasets/LiverTox/Abrocitinib.jpg,,CCCS(=O)(=O)NC1CC(N(C)c2ncnc3[nH]ccc23)C1
../drug-diffuser-0717/datasets/LiverTox/Miglitol.jpg,,OCCN1CC(O)C(O)C(O)C1CO
../drug-diffuser-0717/datasets/LiverTox/Fluvoxamine.jpg,,COCCCCC(=NOCCN)c1ccc(C(F)(F)F)cc1
../drug-diffuser-0717/datasets/LiverTox/Upadacitinib.jpg,,CCC1CN(C(=O)NCC(F)(F)F)CC1c1cnc2cnc3[nH]ccc3n12
../drug-diffuser-0717/datasets/LiverTox/Isavuconazonium.jpg,,CNCC(=O)N(Cc1cncc(OC(C)C(=O)N2CC2c2cc(-c3ccc(C#N)cc3)nn2-c2ccc(F)cc2)c1)c1nccs1
../drug-diffuser-0717/datasets/LiverTox/Nadolol.jpg,,CC(C)(C)NCC(O)COc1cccc2c1CC(O)C(O)C2
../drug-diffuser-0717/datasets/LiverTox/Fexofenadine.jpg,,CC(C)(C(=O)O)c1ccc(C(O)CCCN2CCC(C(O)(c3ccccc3)c3ccccc3)CC2)cc1
../drug-diffuser-0717/datasets/LiverTox/Boceprevir.jpg,,CC(C)(C)NC(=O)NC(C(=O)N1CC2C(C1C(=O)NC(CC1CCC1)C(=O)C(N)=O)C2(C)C)C(C)(C)C
../drug-diffuser-0717/datasets/LiverTox/Carbamazepine.jpg,,NC(=O)N1c2ccccc2C=Cc2ccccc21
../drug-diffuser-0717/datasets/LiverTox/Lesinurad.jpg,,O=C(O)CSc1nnc(Br)n1-c1ccc(C2CC2)c2ccccc12
../drug-diffuser-0717/datasets/LiverTox/Phenelzine.jpg,,NNCCc1ccccc1
../drug-diffuser-0717/datasets/LiverTox/Selinexor.jpg,,O=C(C=Cn1cnc(-c2cc(C(F)(F)F)cc(C(F)(F)F)c2)n1)NNc1cnccn1
../drug-diffuser-0717/datasets/LiverTox/Melatonin.jpg,,COc1ccc2[nH]cc(CCNC(C)=O)c2c1
../drug-diffuser-0717/datasets/LiverTox/Bicalutamide.jpg,,CC(O)(CS(=O)(=O)c1ccc(F)cc1)C(=O)Nc1ccc(C#N)c(C(F)(F)F)c1
../drug-diffuser-0717/datasets/LiverTox/Linezolid.jpg,,CC(=O)NCC1CN(c2ccc(N3CCOCC3)c(F)c2)C(=O)O1
../drug-diffuser-0717/datasets/LiverTox/Plerixafor.jpg,,
../drug-diffuser-0717/datasets/LiverTox/Griseofulvin.jpg,,COc1cc(OC)c2c(c1Cl)C1(OC2=O)C(=O)CC(OC)C=C1C
../drug-diffuser-0717/datasets/LiverTox/Loxapine.jpg,,CN1CCN(C2=Nc3ccccc3Oc3ccc(Cl)cc32)CC1
../drug-diffuser-0717/datasets/LiverTox/Triazolam.jpg,,Cc1nnc2n1-c1ccc(Cl)cc1C(c1ccccc1Cl)=NC2
../drug-diffuser-0717/datasets/LiverTox/Lisinopril.jpg,,NCCCCC(NC(CCc1ccccc1)C(=O)O)C(=O)N1CCCC1C(=O)O
../drug-diffuser-0717/datasets/LiverTox/Estazolam.jpg,,Clc1ccc2c(c1)C(c1ccccc1)=NCc1nncn1-2
../drug-diffuser-0717/datasets/LiverTox/Perampanel.jpg,,N#Cc1ccccc1-c1cc(-c2ccccn2)cn(-c2ccccc2)c1=O
../drug-diffuser-0717/datasets/LiverTox/Carisoprodol.jpg,,CCCC(C)(COC(N)=O)COC(=O)NC(C)C
../drug-diffuser-0717/datasets/LiverTox/Dronabinol.jpg,,CCCCCc1cc(O)c2c(c1)OC(C)(C)C1CCC(C)=CC21
../drug-diffuser-0717/datasets/LiverTox/Bedaquiline.jpg,,COc1nc2ccccc2c(-c2ccccc2)c1C(O)(CCN(C)C)c1cccc2cc(Br)ccc12
../drug-diffuser-0717/datasets/LiverTox/Cyproterone.jpg,,CC(=O)C1(O)CCC2C3C=C(Cl)C4=CC(=O)C5CC5C4(C)C3CCC21C
../drug-diffuser-0717/datasets/LiverTox/Everolimus.jpg,,COC1CC(C)CC=CC(=O)C(C)CC2CCC(O2)C(C)NC(=O)C(CC2CCCCC2)NC(=O)C(C)=CC(C)C(OC)C(O)CC1=O
../drug-diffuser-0717/datasets/LiverTox/Procarbazine.jpg,,CNNCc1ccc(C(=O)NC(C)C)cc1
../drug-diffuser-0717/datasets/LiverTox/Azacitidine.jpg,,Nc1ncn(C2OC(CO)C(O)C2O)c(=O)n1
../drug-diffuser-0717/datasets/LiverTox/Clorazepate.jpg,,O=C(O)C1N=C(c2ccccc2)c2cc(Cl)ccc2NC1=O
../drug-diffuser-0717/datasets/LiverTox/Cisplatin.jpg,,NC(Cl)(Cl)P=S
../drug-diffuser-0717/datasets/LiverTox/Miltefosine.jpg,,CCCCCCCCCCCCCCCCOP(=O)(O)OCC[N+](C)(C)C
../drug-diffuser-0717/datasets/LiverTox/Eugenol.jpg,,C=CCc1ccc(O)c(OC)c1
../drug-diffuser-0717/datasets/LiverTox/Pramipexole.jpg,,CCCNC1CCc2nc(N)sc2C1
../drug-diffuser-0717/datasets/LiverTox/Acetylcysteine.jpg,,CC(=O)NC(CS)C(=O)O
../drug-diffuser-0717/datasets/LiverTox/Doripenem.jpg,,CC(O)C1C(=O)N2C(C(=O)O)=C(SC3CNC(CNS(N)(=O)=O)C3)C(C)C12
../drug-diffuser-0717/datasets/LiverTox/Budesonide.jpg,,CCCC1OC2CC3C4CCC5=CC(=O)C=CC5(C)C4(F)C(O)CC3(C)C2(C(=O)CO)O1
../drug-diffuser-0717/datasets/LiverTox/Mifepristone.jpg,,CC#CC1(O)CCC2C3CCC4=CC(=O)CCC4=C3C(c3ccc(N(C)C)cc3)CC21C
../drug-diffuser-0717/datasets/LiverTox/Aspirin.jpg,,CC(=O)Oc1ccccc1C(=O)O
../drug-diffuser-0717/datasets/LiverTox/Trifluoperazine.jpg,,CN1CCN(CCCN2c3ccccc3Sc3ccc(C(F)(F)F)cc32)CC1
../drug-diffuser-0717/datasets/LiverTox/Dicloxacillin.jpg,,Cc1onc(-c2c(Cl)cccc2Cl)c1C(=O)NC1C(=O)N2C1SC(C)(C)C2C(=O)O
../drug-diffuser-0717/datasets/LiverTox/Maralixibat.jpg,,CCCCC1(CCCC)C(O)C(c2ccc(CN3CCN(C)CC3)cc2)c2cc(OCc3ccc(C[N+]4(C)CC4)cc3)ccc2S1(=O)=O
../drug-diffuser-0717/datasets/LiverTox/Alogliptin.jpg,,Cn1c(=O)cc(N2CCCC(N)C2)n(Cc2ccccc2C#N)c1=O
../drug-diffuser-0717/datasets/LiverTox/Clonidine.jpg,,Clc1cccc(Cl)c1NC1=NCCN1
../drug-diffuser-0717/datasets/LiverTox/Macitentan.jpg,,CCCNS(=O)(=O)Nc1ncnc(OCCOc2ncc(Br)cn2)c1-c1ccc(F)cc1
../drug-diffuser-0717/datasets/LiverTox/Pemetrexed.jpg,,Nc1nc2[nH]cc(CCc3ccc(C(=O)NC(CCC(=O)O)C(=O)O)cc3)c2c(=O)[nH]1
../drug-diffuser-0717/datasets/LiverTox/Lorcaserin.jpg,,CC1CNCCc2ccc(Cl)cc21
../drug-diffuser-0717/datasets/LiverTox/Arsenic.jpg,,CC1=[C+]CCCC1
../drug-diffuser-0717/datasets/LiverTox/Lonafarnib.jpg,,NC(=O)N1CCC(CC(=O)N2CCC(C3c4ncc(Cl)cc4CCc4cc(F)cc(Br)c43)CC2)CC1
../drug-diffuser-0717/datasets/LiverTox/Amoxapine.jpg,,Clc1ccc2c(c1)C(N1CCNCC1)=Nc1ccccc1O2
../drug-diffuser-0717/datasets/LiverTox/Quinidine.jpg,,C=CC1CN2CCC1CC2C(O)c1ccnc2ccc(OC)cc12
../drug-diffuser-0717/datasets/LiverTox/Inclisiran.jpg,,CC(C)CC1OC(CCCC[N+]2(C)CCCCC2)C(OC(=O)CCCCCCNCC(O)CO)CCc2c(C(=O)O)cc(O)cc21
../drug-diffuser-0717/datasets/LiverTox/Pentostatin.jpg,,OCC1OC(n2cnc3c2NC=NCC3O)CC1O
../drug-diffuser-0717/datasets/LiverTox/Minocycline.jpg,,CN(C)c1ccc(O)c2c1CC1CC3(C)C(N(C)C)C(=O)C(C(N)=O)=C(O)C3(O)C(=O)C1=C2O
../drug-diffuser-0717/datasets/LiverTox/Metoprolol.jpg,,COCCNCC(O)COc1ccc(CC(C)C)cc1
../drug-diffuser-0717/datasets/LiverTox/Rifampin.jpg,,COC1=C(C)C2C(=O)c3c(cc(C)c(O)c3O)CC(N=C3C=C(C)C(=O)c4ccc(c(O)c4NC(C)=O)CC31)C(C)C(C)OC2C
../drug-diffuser-0717/datasets/LiverTox/Ethionamide.jpg,,CCc1cc(C(N)=S)ccn1
../drug-diffuser-0717/datasets/LiverTox/Brexanolone.jpg,,CC(=O)C1CCC2C3CCC4CC(O)CCC4(C)C3CCC12C
../drug-diffuser-0717/datasets/LiverTox/Mitotane.jpg,,Clc1ccc(C(c2ccccc2Cl)C(Cl)Cl)cc1
../drug-diffuser-0717/datasets/LiverTox/Diphenoxylate.jpg,,CCOC(=O)C1(c2ccccc2)CCN(CCC(C#N)(c2ccccc2)c2ccccc2)CC1
../drug-diffuser-0717/datasets/LiverTox/Bleomycin.jpg,,CC(=O)C1CC(NC(=O)C(C)N=C(N)N)c2nc(C(=O)NC3C(=O)Nc4c3cc(CCCN)[nH]c4=O)nc(N)c2C1C1C=C(C)C(O)C1O
../drug-diffuser-0717/datasets/LiverTox/Methocarbamol.jpg,,COc1ccccc1OCC(O)COC(N)=O
../drug-diffuser-0717/datasets/LiverTox/Nilotinib.jpg,,Cc1cn(-c2cc(NC(=O)c3ccc(C)c(Nc4nccc(-c5cccnc5)n4)c3)cc(C(F)(F)F)c2)cn1
../drug-diffuser-0717/datasets/LiverTox/Chenodiol.jpg,,CC(CCC(=O)O)C1CCC2C3C(O)CC4CC(O)CCC4(C)C3CCC12C
../drug-diffuser-0717/datasets/LiverTox/Zidovudine.jpg,,Cc1cn(C2CC(N=[N+]=[N-])C(CO)O2)c(=O)[nH]c1=O
../drug-diffuser-0717/datasets/LiverTox/Mirtazapine.jpg,,CN1CCN2c3ccccc3Cc3ccccc3C2C1
../drug-diffuser-0717/datasets/LiverTox/Ciprofloxacin.jpg,,O=C(O)c1cn(C2CC2)c2cc(F)c(N3CCNCC3)cc2c1=O
../drug-diffuser-0717/datasets/LiverTox/Odevixibat.jpg,,CCCCC1(CCCC)CN(c2ccccc2)c2cc(OCC(=O)NC(CC(=O)O)S(=O)(=O)c3ccc(NC)cc3)ccc2C1=O
../drug-diffuser-0717/datasets/LiverTox/Capreomycin.jpg,,CC1CC(NC(=O)C2CCCN2)C(=O)NC(CNC(=O)C(N)CC(N)=O)NC(=O)c2cc(=O)[nH]c(n2)C(CCN)NC(=O)CNC(N)=N1
../drug-diffuser-0717/datasets/LiverTox/Nateglinide.jpg,,CC(C)C1CCC(C(=O)NC(Cc2ccccc2)C(=O)O)CC1
../drug-diffuser-0717/datasets/LiverTox/Quercetin.jpg,,O=c1c(O)c(-c2ccc(O)c(O)c2)oc2cc(O)cc(O)c12
../drug-diffuser-0717/datasets/LiverTox/Ibuprofen.jpg,,CC(C)Cc1ccc(C(C)C(=O)O)cc1
../drug-diffuser-0717/datasets/LiverTox/Halothane.jpg,,FC(F)C(Cl)C(F)(F)Br
../drug-diffuser-0717/datasets/LiverTox/Etodolac.jpg,,CCc1cccc2c3c([nH]c12)C(CC)(CC(=O)O)OCC3
../drug-diffuser-0717/datasets/LiverTox/Hydroxyzine.jpg,,OCCOCCN1CCN(C(c2ccccc2)c2ccc(F)cc2)CC1
../drug-diffuser-0717/datasets/LiverTox/Droxidopa.jpg,,NC(C(=O)O)C(O)c1ccc(O)c(O)c1
../drug-diffuser-0717/datasets/LiverTox/Thioridazine.jpg,,CSc1ccc2c(c1)N(CCC1CCCCN1C)c1ccccc1S2
../drug-diffuser-0717/datasets/LiverTox/Dicyclomine.jpg,,CCN(CC)CCOC(=O)C1(C2CCCCC2)CCCCC1
../drug-diffuser-0717/datasets/LiverTox/Levorphanol.jpg,,CN1CCC2CC3(CCC21)c1ccc(O)cc13
../drug-diffuser-0717/datasets/LiverTox/Nifedipine.jpg,,COC(=O)C1=C(C)NC(C)=C(C(=O)OC)C1c1ccccc1[N+](=O)[O-]
../drug-diffuser-0717/datasets/LiverTox/Phentermine.jpg,,CC(C)(N)Cc1ccccc1
../drug-diffuser-0717/datasets/LiverTox/Hydrocodone.jpg,,COc1ccc2c3c1OC1C(=O)CCC4(O)C1CCN3C4C2
../drug-diffuser-0717/datasets/LiverTox/Colestipol.jpg,,NCCNCCNCC(CCNCCN)C1CC1
../drug-diffuser-0717/datasets/LiverTox/Levetiracetam.jpg,,CCC(C(N)=O)N1CCCC1=O
../drug-diffuser-0717/datasets/LiverTox/Perphenazine.jpg,,OCCN1CCN(CCCN2c3ccccc3Sc3ccc(Cl)cc32)CC1
../drug-diffuser-0717/datasets/LiverTox/Larotrectinib.jpg,,O=C(Nc1cnn2ccc(N3CCCC3c3ccc(F)cc3F)nc12)N1CCC(O)C1
../drug-diffuser-0717/datasets/LiverTox/Rimantadine.jpg,,CC(N)C12CC3CC(CC(C3)C1)C2
../drug-diffuser-0717/datasets/LiverTox/Altretamine.jpg,,CN(C)c1nc(N(C)C)nc(N(C)C)n1
../drug-diffuser-0717/datasets/LiverTox/Octreotide.jpg,,CC1NC(=O)C(N)C(C(C)CO)NC(=O)C(Cc2ccccc2)NC(=O)C(CCCN)NC(=O)C(Cc2c[nH]c3ccccc23)NC1=O
../drug-diffuser-0717/datasets/LiverTox/Ifosfamide.jpg,,O=P1(NCCCl)OCCCN1CCCl
../drug-diffuser-0717/datasets/LiverTox/Dabigatran.jpg,,Cn1c(CNc2ccc(C(=N)N)cc2)nc2cc(C(=O)N(CCC(=O)O)c3ccccn3)ccc21
../drug-diffuser-0717/datasets/LiverTox/Viloxazine.jpg,,CCOc1ccccc1OCC1CNCCO1
../drug-diffuser-0717/datasets/LiverTox/Prasugrel.jpg,,CC(=O)Oc1cc2c(s1)CCN(C(C(=O)C1CC1)c1ccccc1F)C2
../drug-diffuser-0717/datasets/LiverTox/Nicotine.jpg,,CN1CCCC1c1cccnc1
../drug-diffuser-0717/datasets/LiverTox/Sulfadiazine.jpg,,Nc1ccc(S(=O)(=O)Nc2ncccn2)cc1
../drug-diffuser-0717/datasets/LiverTox/Dacarbazine.jpg,,CN(C)N=Nc1nc[nH]c1C(N)=O
../drug-diffuser-0717/datasets/LiverTox/Semaglutide.jpg,,CCCCCC1(O)CCC2C3C(OC(C)=O)CC4=CC(=O)C=CC4(C)C3C(O)CC2(C)C1CCCCC1OC1CO
../drug-diffuser-0717/datasets/LiverTox/Quinapril.jpg,,CCOC(=O)C(CCc1ccccc1)NC(C)C(=O)N1Cc2ccccc2CC1C(=O)O
../drug-diffuser-0717/datasets/LiverTox/Meclizine.jpg,,Cc1ccc(CN2CCN(C(c3ccccc3)c3ccc(Cl)cc3)CC2)cc1
../drug-diffuser-0717/datasets/LiverTox/Methenamine.jpg,,C1CN2CN3CN(C1)CN(C2)C3
../drug-diffuser-0717/datasets/LiverTox/Acitretin.jpg,,COc1cc(C)c(C)c(C=CC(C)=CC=CC(C)=CC(=O)O)c1C
../drug-diffuser-0717/datasets/LiverTox/Disopyramide.jpg,,CC(C)N(CCC(C(N)=O)(c1ccccc1)c1ccccn1)C(C)C
../drug-diffuser-0717/datasets/LiverTox/Pralatrexate.jpg,,C#CCC(Cc1cnc2nc(N)nc(N)c2n1)c1ccc(C(=O)NC(CCC(=O)O)C(=O)O)cc1
../drug-diffuser-0717/datasets/LiverTox/Dantrolene.jpg,,O=C1CN(N=Cc2ccc(-c3ccc([N+](=O)[O-])cc3)o2)C(=O)N1
../drug-diffuser-0717/datasets/LiverTox/Nortriptyline.jpg,,CNCCC=C1c2ccccc2CCc2ccccc21
../drug-diffuser-0717/datasets/LiverTox/Glycopyrrolate.jpg,,C[N+]1(C)CCC(OC(=O)C(O)(c2ccccc2)C2CCC(Br)C2)C1
../drug-diffuser-0717/datasets/LiverTox/Lurbinectedin.jpg,,COc1cc(C)c2c(c1OC)C1Cc3c([nH]c4ccc(OC)c(O)c34)C1C1OC(c3c(C)cc4c(c3O)OCO4)CN1C(=O)C2C
../drug-diffuser-0717/datasets/LiverTox/Fulvestrant.jpg,,CC1(C)CCC(=O)C2CCCCCCCC(CCCCOc3ccc(O)cc3C(F)(F)CCC3CCC(O)C3)C21
../drug-diffuser-0717/datasets/LiverTox/Enflurane.jpg,,FC(F)OC(F)(F)C(F)Cl
../drug-diffuser-0717/datasets/LiverTox/Protriptyline.jpg,,CNCCCC1c2ccccc2C=Cc2ccccc21
../drug-diffuser-0717/datasets/LiverTox/Fedratinib.jpg,,Cc1cnc(Nc2ccc(OCCN3CCCC3)cc2)nc1Nc1cccc(S(=O)(=O)NC(C)(C)C)c1
../drug-diffuser-0717/datasets/LiverTox/Flucytosine.jpg,,Nc1ncc(=O)[nH]c1F
../drug-diffuser-0717/datasets/LiverTox/Brexpiprazole.jpg,,O=c1ccc(OCCCCN2CCN(c3cccc4sccc34)CC2)c2cc[nH]c2c1
../drug-diffuser-0717/datasets/LiverTox/Asparaginase.jpg,,NC(=O)CC(N)C(=O)O
../drug-diffuser-0717/datasets/LiverTox/Diethylpropion.jpg,,CCN(CC)C(C)C(=O)c1ccccc1
../drug-diffuser-0717/datasets/LiverTox/Tirzepatide.jpg,,CC(=O)C1CCC2C3CCC4CC(O)CCC4(C)C3CC(OC3CCCCO3)C2C12C=CC(=O)C(C)(C)C2
../drug-diffuser-0717/datasets/LiverTox/Cyclosporine.jpg,,CC(C)CC1NC(=O)C(C(C)C)NC(=O)C(C(=O)NC(C)C(=O)C=CC2CC2C)CC(C(C)C)NC(=O)C(C(C)C)NC(=O)C(C)NC1=O
../drug-diffuser-0717/datasets/LiverTox/Prazosin.jpg,,COc1cc2nc(N3CCN(C(=O)c4ccco4)CC3)nc(N)c2cc1OC
../drug-diffuser-0717/datasets/LiverTox/Tobramycin.jpg,,NCC1CC(O)C(OC2C(N)CC(N)C(OC3OC(CN)C(O)CC3N)C2O)C(O)C1O
../drug-diffuser-0717/datasets/LiverTox/UsnicAcid.jpg,,CC(=O)C1=C(O)C=C2Oc3c(C)c(O)c(C(C)=O)c(O)c3C2(C)C1=O
../drug-diffuser-0717/datasets/LiverTox/Edaravone.jpg,,CC1=NN(c2ccccc2)C(=O)C1
../drug-diffuser-0717/datasets/LiverTox/Zafirlukast.jpg,,COc1cc(C(=O)Nc2ccccc2C)cc(Cc2cn(C)c3ccc(S(=O)(=O)NC4CCCC4)cc23)c1OC=O
../drug-diffuser-0717/datasets/LiverTox/Lanreotide.jpg,,CC1NC(=O)C(CCN)C(C(C)C)NC(=O)C(Cc2ccccc2)NC(=O)C(CCCN)NC(=O)C(Cc2ccc3cc(O)ccc3c2)NC1=O
../drug-diffuser-0717/datasets/LiverTox/Bremelanotide.jpg,,CCCCC1NC(=O)C(Cc2cnc[nH]2)NC(=O)C(CCCN=C(N)N)NC(=O)C(Cc2c[nH]c3ccccc23)NC(=O)C(C)NC1=O
../drug-diffuser-0717/datasets/LiverTox/Deferiprone.jpg,,Cc1c(O)c(=O)ccn1C
../drug-diffuser-0717/datasets/LiverTox/Verapamil.jpg,,COc1ccc(CCN(C)CCCC(C#N)(c2ccc(OC)c(OC)c2)C(C)C)cc1OC
../drug-diffuser-0717/datasets/LiverTox/Ipratropium.jpg,,C[N+](C)(C)C1C2CCC1CC(OC(=O)C(CO)c1ccccc1)C2
../drug-diffuser-0717/datasets/LiverTox/Dronedarone.jpg,,CCCCN(CCCC)c1ccc(OCCCc2c(C(=O)O)oc3ccc(NCCCS(C)(=O)=O)cc23)cc1
../drug-diffuser-0717/datasets/LiverTox/Methsuximide.jpg,,CN1C(=O)CC(C)(c2ccccc2)C1=O
../drug-diffuser-0717/datasets/LiverTox/Molnupiravir.jpg,,CC(C)C(=O)OCC1OC(n2ccc(NO)nc2=O)C(O)C1O
../drug-diffuser-0717/datasets/LiverTox/Daptomycin.jpg,,
../drug-diffuser-0717/datasets/LiverTox/Flurazepam.jpg,,CCN(CC)CCN1C(=O)CN=C(c2ccccc2F)c2cc(Cl)ccc21
../drug-diffuser-0717/datasets/LiverTox/Tranylcypromine.jpg,,NC1CC1c1ccccc1
../drug-diffuser-0717/datasets/LiverTox/Carbinoxamine.jpg,,CN(C)CCOC(c1ccc(Cl)cc1)c1ccccn1
../drug-diffuser-0717/datasets/LiverTox/Cytarabine.jpg,,Nc1ccn(C2OC(CO)C(O)C2O)c(=O)n1
../drug-diffuser-0717/datasets/LiverTox/Midostaurin.jpg,,COC1C(N(C)C(=O)c2ccccc2)CC2OC1(C)n1c3ccccc3c3c4c(c5c6ccccc6n2c5c31)C(=O)NC4
../drug-diffuser-0717/datasets/LiverTox/Cyproheptadine.jpg,,CN1CCC(=C2c3ccccc3C=Cc3ccccc32)CC1
../drug-diffuser-0717/datasets/LiverTox/Abemaciclib.jpg,,CCN1CCN(Cc2ccc(Nc3ncc(F)c(-c4cc(F)c5nc(C)n(C(C)C)c5c4)n3)nc2)CC1
../drug-diffuser-0717/datasets/LiverTox/Flecainide.jpg,,O=C(NCC1CCCCN1)c1cc(OCC(F)(F)F)ccc1OCC(F)(F)F
../drug-diffuser-0717/datasets/LiverTox/Enzalutamide.jpg,,CNC(=O)c1ccc(N2C(=S)N(c3ccc(C#N)c(C(F)(F)F)c3)C(=O)C2(C)C)cc1F
../drug-diffuser-0717/datasets/LiverTox/Quinine.jpg,,C=CC1CN2CCC1CC2C(O)c1ccnc2cc(OC)ccc12
../drug-diffuser-0717/datasets/LiverTox/Ketoprofen.jpg,,CC(C(=O)O)c1cccc(C(=O)c2ccccc2)c1
../drug-diffuser-0717/datasets/LiverTox/Amifampridine.jpg,,Nc1ccncc1N
../drug-diffuser-0717/datasets/LiverTox/Telotristat.jpg,,Cc1ccn(-c2cc(Cl)ccc2C(Oc2cc(N)cc(-c3ccc(CC(N)C(=O)O)cc3)n2)C(F)(F)F)n1
../drug-diffuser-0717/datasets/LiverTox/Thalidomide.jpg,,O=C1CCC(N2C(=O)c3ccccc3C2=O)C(=O)N1
../drug-diffuser-0717/datasets/LiverTox/Buprenorphine.jpg,,CC12OC1CC1(O)C3Cc4ccc(O)c5c4C1(CCN3CC1CC1)C(C)(C)C2C5
../drug-diffuser-0717/datasets/LiverTox/Butorphanol.jpg,,OCC1(CN2CCC34CCCCC3C2Cc2cc(O)ccc24)CCC1
../drug-diffuser-0717/datasets/LiverTox/Elagolix.jpg,,
../drug-diffuser-0717/datasets/LiverTox/Floxuridine.jpg,,O=c1[nH]c(=O)n(C2CC(O)C(CO)O2)cc1F
../drug-diffuser-0717/datasets/LiverTox/Tesamorelin.jpg,,C=C1C(=O)C=C(c2cccc3[nH][nH]c(=O)c23)C12C(=O)C1=C2C2=NC(=O)c3c2c1cc1c3C(=O)C(C(N)=C2C(=O)C=C(O)N=C2C)C1O
../drug-diffuser-0717/datasets/LiverTox/Clopidogrel.jpg,,COC(=O)C(c1ccccc1Cl)N1CCc2ccsc2C1
../drug-diffuser-0717/datasets/LiverTox/Azilsartan.jpg,,CCOc1nc2cccc(C(=O)O)c2n1Cc1ccc(-c2ccccc2-c2noc(=O)[nH]2)cc1
../drug-diffuser-0717/datasets/LiverTox/Iloperidone.jpg,,COc1cc(C(C)=O)ccc1OCCCN1CCC(c2noc3cc(F)ccc23)CC1
../drug-diffuser-0717/datasets/LiverTox/Rotigotine.jpg,,CCCN(CCc1cccs1)C1CCc2c(O)cccc2C1
../drug-diffuser-0717/datasets/LiverTox/Cevimeline.jpg,,CC1OC2(CS1)CN1CCC2CC1
../drug-diffuser-0717/datasets/LiverTox/Flavoxate.jpg,,Cc1c(-c2ccccc2)oc2c(C(=O)OCCN3CCCCC3)cccc2c1=O
../drug-diffuser-0717/datasets/LiverTox/Acyclovir.jpg,,Nc1nc2c(ncn2COCCO)c(=O)[nH]1
../drug-diffuser-0717/datasets/LiverTox/Cholestyramine.jpg,,CCC(CC(CC)c1ccc(C[N+](C)(C)CCN)cc1)c1ccc(CN(C)C)cc1
../drug-diffuser-0717/datasets/LiverTox/Leflunomide.jpg,,Cc1oncc1C(=O)Nc1ccc(C(F)(F)F)cc1
../drug-diffuser-0717/datasets/LiverTox/Tolcapone.jpg,,Cc1ccc(C(=O)c2cc(O)c(O)c([N+](=O)[O-])c2)cc1
../drug-diffuser-0717/datasets/LiverTox/Clomiphene.jpg,,CCN(CC)CCOc1ccc(C(=C(Cl)c2ccccc2)c2ccccc2)cc1
../drug-diffuser-0717/datasets/LiverTox/Ashwagandha.jpg,,CC1=C(CO)C(=O)OC(C(C)C2CCC3C4CC(O)C5=CC(=O)C=CC5(C)C4CCC23C)C1
../drug-diffuser-0717/datasets/LiverTox/Fosinopril.jpg,,CCC(=O)OC(C(=O)CP(CCCCc1ccccc1)C(=O)N1CC(C(=O)O)CC1C1CCCCC1)C(C)C
../drug-diffuser-0717/datasets/LiverTox/Valproate.jpg,,CCCC(CCC)C(=O)O
../drug-diffuser-0717/datasets/LiverTox/Oxcarbazepine.jpg,,NC(=O)N1c2ccccc2CC(=O)c2ccccc21
../drug-diffuser-0717/datasets/LiverTox/Istradefylline.jpg,,CCn1c(=O)c2c(nc(C=Cc3cc(OC)c(OC)c(OC)c3)n2C)n(C)c1=O
../drug-diffuser-0717/datasets/LiverTox/Brivaracetam.jpg,,CCCC1CC(=O)N(C(CC)C(N)=O)C1
../drug-diffuser-0717/datasets/LiverTox/Bupropion.jpg,,CC(NC(C)(C)C)C(=O)c1cccc(Cl)c1
../drug-diffuser-0717/datasets/LiverTox/Trazodone.jpg,,O=c1n(CCCN2CCN(c3cccc(Cl)c3)CC2)nc2ccccn12
../drug-diffuser-0717/datasets/LiverTox/Ticarcillin.jpg,,CC1(C)SC2C(NC(=O)C(C(=O)O)C(=O)c3ccsc3)C(=O)N2C1CO
../drug-diffuser-0717/datasets/LiverTox/Tramadol.jpg,,COc1cccc(C2(O)CCCCC2CN(C)C)c1
../drug-diffuser-0717/datasets/LiverTox/Dasatinib.jpg,,Cc1ncc(NC(=O)c2cccc(Nc3c(C)cc(N4CCN(CCO)CC4)nc3Cl)n2)s1
../drug-diffuser-0717/datasets/LiverTox/Bosutinib.jpg,,COc1cc(Nc2c(C#N)cnc3cc(OC)c(OC)cc23)c(OCCCN2CCN(C)CC2)cc1Cl
../drug-diffuser-0717/datasets/LiverTox/Delavirdine.jpg,,CC(C)Nc1ccc2[nH]c(C(=O)N3CCN(c4ncccc4NS(C)(=O)=O)CC3)cc2c1
../drug-diffuser-0717/datasets/LiverTox/Quazepam.jpg,,O=C1CN=C(c2ccccc2Cl)c2cc(F)ccc2N1CC(F)(F)F
../drug-diffuser-0717/datasets/LiverTox/Vandetanib.jpg,,COc1cc2c(NCC3CCN(C)CC3)ncnc2cc1Oc1ccc(Cl)cc1F
../drug-diffuser-0717/datasets/LiverTox/Cyclophosphamide.jpg,,O=P1(N(CCCl)CCCl)NCCCO1
../drug-diffuser-0717/datasets/LiverTox/Niraparib.jpg,,NC(=O)c1cccc2cn(-c3ccc(C4CCCNC4)cc3)nc12
../drug-diffuser-0717/datasets/LiverTox/Fluvastatin.jpg,,CC(C)n1c(C=CC(O)CC(O)CC(=O)O)c(-c2ccc(F)cc2)c2ccccc21
../drug-diffuser-0717/datasets/LiverTox/Paxlovid.jpg,,CC(C)(C)C(NC(=O)C1C2C(CN1C(=O)C(F)(F)F)C2(C)C)C(=O)NC(C#N)CC1CCNC1=O
../drug-diffuser-0717/datasets/LiverTox/Cocaine.jpg,,COC(=O)C1C2CCC(OC(=O)c3ccccc3)CC1N(C)C2
../drug-diffuser-0717/datasets/LiverTox/Trimetrexate.jpg,,COc1cc(NCc2ccc3nc(N)nc(N)c3c2OC)cc(C)c1OC
../drug-diffuser-0717/datasets/LiverTox/Aprepitant.jpg,,CC(OC1CCOC(NCc2n[nH]c(=O)[nH]2)C1c1ccc(F)cc1)c1cc(C(F)(F)F)cc(C(F)(F)F)c1
../drug-diffuser-0717/datasets/LiverTox/Gilteritinib.jpg,,CCc1nc(NC2CCN(C)CC2)c(-c2ccc(NC3CCN(C4CCOCC4)CC3)c(OC)c2)nc1C(N)=O
../drug-diffuser-0717/datasets/LiverTox/Peramivir.jpg,,CCC(CC)C(NC(C)=O)C1C(N=C(N)N)CC(C(=O)O)C1O
../drug-diffuser-0717/datasets/LiverTox/Sibutramine.jpg,,CC(C)CC(N(C)C)C1(c2ccc(Cl)cc2)CCC1
../drug-diffuser-0717/datasets/LiverTox/Isradipine.jpg,,COC(=O)C1=C(C)NC(C)=C(C(=O)OC(C)C)C1c1cccc2nonc12
../drug-diffuser-0717/datasets/LiverTox/Oxybutynin.jpg,,CCN(CC)CC#CCOC(=O)C(O)(c1ccccc1)C1CCCCC1
../drug-diffuser-0717/datasets/LiverTox/Acebutolol.jpg,,CCCC(=O)Nc1ccc(OCC(O)CNC(C)C)c(C(C)=O)c1
../drug-diffuser-0717/datasets/LiverTox/Fidaxomicin.jpg,,COc1cc(O)cc2c1C(=O)OC(C)CCC1OC(c3ccc(O)c(C)c3)CC(OC(=O)C3CC(C)CCC3O)C(C)(O)C1=CC2O
../drug-diffuser-0717/datasets/LiverTox/Mechlorethamine.jpg,,CN(CCCl)CCCl
../drug-diffuser-0717/datasets/LiverTox/Bisoprolol.jpg,,CC(C)NCC(O)COc1ccc(COCCOC(C)C)cc1
../drug-diffuser-0717/datasets/LiverTox/Cabozantinib.jpg,,COc1cc2nccc(Oc3ccc(NC(=O)C4(C(=O)Nc5ccc(F)cc5)CC4)cc3)c2cc1OC
../drug-diffuser-0717/datasets/LiverTox/Losartan.jpg,,CCCCc1nc(Cl)c(CO)n1Cc1ccc(-c2ccccc2-c2nn[nH]n2)cc1
../drug-diffuser-0717/datasets/LiverTox/Molindone.jpg,,CCc1c(C)[nH]c2c1C(=O)C(CN1CCOCC1)CC2
../drug-diffuser-0717/datasets/LiverTox/Vemurafenib.jpg,,CCCS(=O)(=O)Nc1ccc(F)c(C(=O)c2c[nH]c3ncc(-c4ccc(Cl)cc4)cc23)c1F
../drug-diffuser-0717/datasets/LiverTox/Hydroxychloroquine.jpg,,CCN(CCCO)CCC(C)Nc1ccnc2cc(Cl)ccc12
../drug-diffuser-0717/datasets/LiverTox/Mesalamine.jpg,,Nc1ccc(O)c(C(=O)O)c1
../drug-diffuser-0717/datasets/LiverTox/Toremifene.jpg,,CN(C)CCOc1ccc(C(=C(CCCl)c2ccccc2)c2ccccc2)cc1
../drug-diffuser-0717/datasets/LiverTox/Telbivudine.jpg,,Cc1cn(C2CC(O)C(CO)O2)c(=O)[nH]c1=O
../drug-diffuser-0717/datasets/LiverTox/Fenoprofen.jpg,,CC(C(=O)O)c1cccc(Oc2ccccc2)c1
../drug-diffuser-0717/datasets/LiverTox/Emtricitabine.jpg,,Nc1nc(=O)n(C2CSC(CO)O2)cc1F
../drug-diffuser-0717/datasets/LiverTox/Diphenhydramine.jpg,,CN(C)CCOC(c1ccccc1)c1ccccc1
../drug-diffuser-0717/datasets/LiverTox/Betaine.jpg,,C[N+](C)(C)CC(=O)[O-]
../drug-diffuser-0717/datasets/LiverTox/Candesartan.jpg,,CCOc1nc2cccc(C(=O)O)c2n1Cc1ccc(-c2ccccc2-c2nn[nH]n2)cc1
../drug-diffuser-0717/datasets/LiverTox/Trifluridine.jpg,,O=c1[nH]c(=O)n(C2CC(O)C(CO)O2)cc1C(F)(F)F
../drug-diffuser-0717/datasets/LiverTox/Deferoxamine.jpg,,CC(CCCN)NC(=O)CCCCNC(=O)CCCCCNC(=O)C(O)CCCCCNC(=O)CCCCO
../drug-diffuser-0717/datasets/LiverTox/Theophylline.jpg,,Cn1c(=O)c2[nH]cnc2n(C)c1=O
../drug-diffuser-0717/datasets/LiverTox/Varenicline.jpg,,c1cnc2cc3c(cc2c1)C1CNCC3C1
../drug-diffuser-0717/datasets/LiverTox/Selegiline.jpg,,C#CCN(C)C(C)Cc1ccccc1
../drug-diffuser-0717/datasets/LiverTox/Delafloxacin.jpg,,Nc1cc(-n2cc(C(=O)O)c(=O)c3cc(F)c(N4CC(O)C4)c(Cl)c32)c(F)cc1F
../drug-diffuser-0717/datasets/LiverTox/Stiripentol.jpg,,CC(C)(C)C(O)C=Cc1ccc2c(c1)OCO2
../drug-diffuser-0717/datasets/LiverTox/Lapatinib.jpg,,CS(=O)(=O)CCNCc1ccc(-c2ccc3cnc(Nc4ccc(OCc5cccc(F)c5)c(Cl)c4)nc3c2)o1
../drug-diffuser-0717/datasets/LiverTox/Amiloride.jpg,,NC(N)=NC(=O)c1nc(Cl)c(N)nc1N
../drug-diffuser-0717/datasets/LiverTox/Clotrimazole.jpg,,Clc1ccccc1C(c1ccccc1)(c1ccccc1)n1ccnc1
../drug-diffuser-0717/datasets/LiverTox/Cariprazine.jpg,,CN(C)C(=O)NC1CCC(CCN2CCN(c3cccc(Cl)c3F)CC2)CC1
../drug-diffuser-0717/datasets/LiverTox/Dolutegravir.jpg,,CC1CCOC2Cn3cc(C(=O)NCc4ccc(F)cc4F)c(=O)c(O)c3C(=O)N12
../drug-diffuser-0717/datasets/LiverTox/Sorafenib.jpg,,CNC(=O)c1cccc(Oc2ccc(NC(=O)Nc3ccc(Cl)c(C(F)(F)F)c3)cc2)c1
../drug-diffuser-0717/datasets/LiverTox/Exenatide.jpg,,CNC(=O)c1cc2[nH][nH]c(=O)c2cc1-c1c2c(nc3oc4c(C(=O)C5CC5)cccc4c(=O)c13)C(N)=NC(=O)C2C(C)=C1C=CCC(N)=C1
../drug-diffuser-0717/datasets/LiverTox/Loperamide.jpg,,CN(C)C(=O)C(CCN1CCC(O)(c2ccc(Cl)cc2)CC1)(c1ccccc1)c1ccccc1
../drug-diffuser-0717/datasets/LiverTox/Exemestane.jpg,,C=C1CC2C(CCC3(C)C(=O)CCC23)C2(C)C=CC(=O)C=C12
../drug-diffuser-0717/datasets/LiverTox/Maraviroc.jpg,,Cc1nnc(C(C)C)n1C1CC2CCC(C1)N2CCC(NC(=O)C1CCC(F)(F)CC1)c1ccccc1
../drug-diffuser-0717/datasets/LiverTox/Ruxolitinib.jpg,,N#CCC(C1CCCC1)n1cc(-c2ncnc3[nH]ccc23)cn1
../drug-diffuser-0717/datasets/LiverTox/Fluoxetine.jpg,,CNCCC(Oc1ccc(C(F)(F)F)cc1)c1ccccc1
../drug-diffuser-0717/datasets/LiverTox/Melphalan.jpg,,NC(Cc1ccc(N(CCCl)CCCl)cc1)C(=O)O
../drug-diffuser-0717/datasets/LiverTox/Carboplatin.jpg,,CCCNC1CC(C(=O)O)(C(=O)O)C[N+]1=O
../drug-diffuser-0717/datasets/LiverTox/Flurbiprofen.jpg,,CC(C(=O)O)c1ccc(-c2ccccc2)c(F)c1
../drug-diffuser-0717/datasets/LiverTox/Brincidofovir.jpg,,CCCCCCCCCCCCCCCCCCOCP(=O)(O)OC(CO)Cn1ccc(N)nc1=O
../drug-diffuser-0717/datasets/LiverTox/Roflumilast.jpg,,O=C(Nc1c(Cl)cncc1Cl)c1cc(OCC2CC2)cc(OC(F)F)c1
../drug-diffuser-0717/datasets/LiverTox/Rosiglitazone.jpg,,CN(CCOc1ccc(CC2SC(=O)NC2=O)cc1)c1ccccn1
../drug-diffuser-0717/datasets/LiverTox/Nebivolol.jpg,,OC(CNCC1CCc2cc(F)ccc2O1)C(O)C1CCc2cc(F)ccc2O1
../drug-diffuser-0717/datasets/LiverTox/Zileuton.jpg,,CC(c1cc2ccccc2s1)N(O)C(N)=O
../drug-diffuser-0717/datasets/LiverTox/Propofol.jpg,,CC(C)c1cccc(C(C)C)c1O
../drug-diffuser-0717/datasets/LiverTox/Desirudin.jpg,,CC1CCC2C(=O)OC3C=CC(C)C3OC(c3cccc(O)c3)CC3C(=O)N(C)CCCC2(O)c2cc(C4C=C(CO)C4)c3cc2N1
../drug-diffuser-0717/datasets/LiverTox/Nisoldipine.jpg,,COC(=O)C1=C(C)NC(C)=C(C(=O)OCC(C)C)C1c1ccccc1[N+](=O)[O-]
../drug-diffuser-0717/datasets/LiverTox/Pexidartinib.jpg,,Fc1cnc2c(Cc3ccc(NCc4ccc(C(F)(F)F)nc4)nc3)c[nH]c2c1
../drug-diffuser-0717/datasets/LiverTox/Flavocoxid.jpg,,O=C1c2c(O)cc(Oc3ccccc3)cc2OC(c2c(O)cc(O)c3cc(C4OC(c5ccc(O)c(O)c5)C(O)C4O)oc23)C1O
../drug-diffuser-0717/datasets/LiverTox/Imipramine.jpg,,CN(C)CCCN1c2ccccc2CCc2ccccc21
../drug-diffuser-0717/datasets/LiverTox/Omeprazole.jpg,,COc1ccc2nc(S(=O)Cc3ncc(C)c(OC)c3C)[nH]c2c1
../drug-diffuser-0717/datasets/LiverTox/Isotretinoin.jpg,,CC(C=CC1=C(C)CCCC1(C)C)=CC=CC(C)=CC(=O)O
../drug-diffuser-0717/datasets/LiverTox/Pindolol.jpg,,CC(C)NCC(O)COc1cccc2[nH]ccc12
../drug-diffuser-0717/datasets/LiverTox/Enalapril.jpg,,CCOC(=O)C(CCc1ccccc1)NC(C)C(=O)N1CCCC1C(=O)O
../drug-diffuser-0717/datasets/LiverTox/Nefazodone.jpg,,CCc1nn(CCCN2CCN(c3cccc(Cl)c3)CC2)c(=O)n1CCOc1ccccc1
../drug-diffuser-0717/datasets/LiverTox/Darifenacin.jpg,,NC(=O)C(c1ccccc1)(c1ccccc1)C1CCN(CCc2ccc3c(c2)CCO3)C1
../drug-diffuser-0717/datasets/LiverTox/Belinostat.jpg,,O=C(C=Cc1cccc(C(=O)C=Cc2ccccc2)c1)NO
../drug-diffuser-0717/datasets/LiverTox/Chloramphenicol.jpg,,O=C(NC(CO)C(O)C(Cl)Cl)c1ccc([N+](=O)[O-])cc1
../drug-diffuser-0717/datasets/LiverTox/Biperiden.jpg,,OC(CCN1CCCCC1)(c1ccccc1)C1CC2C=CC1C2
../drug-diffuser-0717/datasets/LiverTox/Colchicine.jpg,,COc1cc2c(c(OC)c1OC)-c1ccc(OC)c(=O)cc1C(NC(C)=O)CC2
../drug-diffuser-0717/datasets/LiverTox/Ropinirole.jpg,,CCCN(CCC)CCc1cccc2c1CC(=O)N2
../drug-diffuser-0717/datasets/LiverTox/Lenvatinib.jpg,,COc1cc2nccc(Oc3ccc(NC(=O)NC4CC4)c(Cl)c3)c2cc1C(N)=O
../drug-diffuser-0717/datasets/LiverTox/Dimenhydrinate.jpg,,CN(C)CCOC(c1ccccc1Cl)c1cc(=O)n(C)c2c1[nH]c(=O)n2CCc1ccccc1
../drug-diffuser-0717/datasets/LiverTox/Propylthiouracil.jpg,,CCCc1cc(=O)[nH]c(=S)[nH]1
../drug-diffuser-0717/datasets/LiverTox/Betrixaban.jpg,,COc1ccc(C(=O)Nc2ccc(C(=N)N(C)C)cc2)c(C(=O)Nc2ccc(Cl)cn2)c1
../drug-diffuser-0717/datasets/LiverTox/Fluconazole.jpg,,OC(Cn1cncn1)(Cn1cncn1)c1ccc(F)cc1F
../drug-diffuser-0717/datasets/LiverTox/Chlorzoxazone.jpg,,O=c1[nH]c2ccc(Cl)cc2o1
../drug-diffuser-0717/datasets/LiverTox/Saxagliptin.jpg,,N#CC1CC2CC2N1C(=O)C(N)C12CC3CC(CC(O)(C3)C1)C2
../drug-diffuser-0717/datasets/LiverTox/Famotidine.jpg,,NC(N)=NCCSCc1csc(N=C(N)NS(N)(=O)=O)n1
../drug-diffuser-0717/datasets/LiverTox/Ranolazine.jpg,,COc1ccccc1OCC(O)CN1CCN(CC(=O)Nc2c(C)cccc2C)CC1
../drug-diffuser-0717/datasets/LiverTox/Copanlisib.jpg,,COc1c(OCCCN2CCOCC2)ccc2c1N=C(NC(=O)c1cnc(N)nc1)N1CCN=C21
../drug-diffuser-0717/datasets/LiverTox/Pregabalin.jpg,,CC(C)CC(CN)CC(=O)O
../drug-diffuser-0717/datasets/LiverTox/Promethazine.jpg,,CC(CN1c2ccccc2Sc2ccccc21)N(C)C
../drug-diffuser-0717/datasets/LiverTox/Fluorouracil.jpg,,O=c1[nH]cc(F)c(=O)[nH]1
../drug-diffuser-0717/datasets/LiverTox/Lemborexant.jpg,,Cc1ncc(OCC2(c3cccc(F)c3)CC2C(=O)Nc2ccc(Cl)cn2)c(C)n1
../drug-diffuser-0717/datasets/LiverTox/Trisalicylate.jpg,,C[N+](C)(CCO)c1ccccc1C(=O)c1ccc(OCCO)c(C(=O)O)c1CC(c1ccccc1Cl)[N+](=O)[O-]
../drug-diffuser-0717/datasets/LiverTox/Eluxadoline.jpg,,COc1cc(C(N)=O)cc(CC(N)C(=O)N(Cc2ccc(C)cc2)C(C)c2ncc(-c3ccccc3)[nH]2)c1C(C)C(=O)O
../drug-diffuser-0717/datasets/LiverTox/Sotalol.jpg,,CC(C)NCC(O)c1ccc(NS(C)(=O)=O)cc1
../drug-diffuser-0717/datasets/LiverTox/Prucalopride.jpg,,COCCCN1CCC(NC(=O)c2cc(Cl)c(N)c3c2OCC3)CC1
../drug-diffuser-0717/datasets/LiverTox/Voxelotor.jpg,,CC(C)n1nccc1-c1ccccc1OCc1cccnc1C=O
../drug-diffuser-0717/datasets/LiverTox/Cenobamate.jpg,,NC(=O)OC(Cn1ncnn1)c1ccccc1Cl
../drug-diffuser-0717/datasets/LiverTox/Nafcillin.jpg,,CCOc1ccc2ccccc2c1C(=O)NC1C(=O)N2C1SC(C)(C)C2C(=O)O
../drug-diffuser-0717/datasets/LiverTox/Comfrey.jpg,,CC=C(C)C(=O)OC1CC[N+]2(CCC(O)(COC(=O)C(C)=C(C)[O-])C2C)C1C
../drug-diffuser-0717/datasets/LiverTox/Apremilast.jpg,,CCOc1cccc2c1C(=O)N(C(CS(C)(=O)=O)c1cccc(NC(C)=O)c1OC)C2=O
../drug-diffuser-0717/datasets/LiverTox/Daunorubicin.jpg,,COc1cccc2c1C(=O)c1c(O)c3c(c(O)c1C2=O)CC(OC1CC(N)C(O)C(C)O1)C(O)(C(C)=O)C3
../drug-diffuser-0717/datasets/LiverTox/Cilostazol.jpg,,O=C1CCc2cc(OCCCCc3nnnn3C3CCCCC3)ccc2N1
../drug-diffuser-0717/datasets/LiverTox/Lamotrigine.jpg,,Nc1nnc(-c2cccc(Cl)c2Cl)c(N)n1
../drug-diffuser-0717/datasets/LiverTox/Nevirapine.jpg,,Cc1cccc2c1NC(=O)c1cccnc1N2C1CC1
../drug-diffuser-0717/datasets/LiverTox/Pentazocine.jpg,,CC(C)=CCN1CCC2(C)c3cc(O)ccc3CC1C2C
../drug-diffuser-0717/datasets/LiverTox/Amantadine.jpg,,NC12CC3CC(CC(C3)C1)C2
../drug-diffuser-0717/datasets/LiverTox/Captopril.jpg,,CC(CS)C(=O)N1CCCC1C(=O)O
../drug-diffuser-0717/datasets/LiverTox/Tafenoquine.jpg,,COc1cc(OC)c2c(NC(C)CCCN)cc(C)nc2c1Oc1cccc(C(F)(F)F)c1
../drug-diffuser-0717/datasets/LiverTox/Amikacin.jpg,,NCC1OC(OC2C(N)CC(N)C(OC3OC(CO)C(O)C(O)C3O)C2O)C(N)C(OC2OC(CO)C(O)C2O)C1O
../drug-diffuser-0717/datasets/LiverTox/Ceritinib.jpg,,Cc1cc(Nc2ncc(Cl)c(Nc3ccccc3S(=O)(=O)C(C)C)n2)c(OC(C)C)cc1C1CCNCC1
../drug-diffuser-0717/datasets/LiverTox/Naltrexone.jpg,,O=C1CCC2(O)C3Cc4c(O)ccc5c4C2(CCN3CC2CC2)C1O5
../drug-diffuser-0717/datasets/LiverTox/Zaleplon.jpg,,CCN(C(C)=O)c1cccc(-c2ccnc3c(C#N)cnn23)c1
../drug-diffuser-0717/datasets/LiverTox/Rifaximin.jpg,,COc1cc2c(O)cc3c(c2[nH]c1=O)-c1c(cc(C)c2nc(C)ccc12)OC3C=C(C)C(O)C(C)C(=O)C1CC(C)C(O)C(C)C1
../drug-diffuser-0717/datasets/LiverTox/Benazepril.jpg,,CCOC(=O)C(CCc1ccccc1)NC1CCc2ccccc2N(CC(=O)O)C1=O
../drug-diffuser-0717/datasets/LiverTox/Ketamine.jpg,,CNC1(c2ccccc2Cl)CCCCC1=O
../drug-diffuser-0717/datasets/LiverTox/Darunavir.jpg,,CC(C)CN(CC(O)C(Cc1ccccc1)NC(=O)OC1COC2OCCC12)S(=O)(=O)c1ccc(N)cc1
../drug-diffuser-0717/datasets/LiverTox/Dimercaprol.jpg,,OCC(S)CS
../drug-diffuser-0717/datasets/LiverTox/Vilazodone.jpg,,N#Cc1ccc2cc(CCCCN3CCN(c4ccc5[nH]c(C(N)=O)cc5c4)CC3)ccc2c1
../drug-diffuser-0717/datasets/LiverTox/Fibrates.jpg,,CC(C)(Oc1ccc(Cl)cc1)C(=O)O
../drug-diffuser-0717/datasets/LiverTox/Nilutamide.jpg,,CC1(C)NC(=O)N(c2ccc([N+](=O)[O-])c(C(F)(F)F)c2)C1=O
../drug-diffuser-0717/datasets/LiverTox/Phenobarbital.jpg,,CCC1(c2ccccc2)C(=O)NC(=O)NC1=O
../drug-diffuser-0717/datasets/LiverTox/Orlistat.jpg,,CCCCCCCCCCCC(CC1OC(=O)C1CC(C)C)OC(=O)C(CCCCC)NC(=O)CC
../drug-diffuser-0717/datasets/LiverTox/VitaminA.jpg,,CC(C=CC1=C(C)CCCC1(C)C)=CC=CC(C)=CCO
../drug-diffuser-0717/datasets/LiverTox/Lomustine.jpg,,O=NN(CCCl)C(=O)NC1CCCCC1
../drug-diffuser-0717/datasets/LiverTox/Lorlatinib.jpg,,CC1Oc2c(cnc(N)c2C#N)-c2cn(C)nc2CN(C)C(=O)c2ccc(F)cc21
../drug-diffuser-0717/datasets/LiverTox/Glasdegib.jpg,,CN1CCC(NC(=O)Nc2ccc(C#N)cc2)CC1c1nc2ccccc2[nH]1
../drug-diffuser-0717/datasets/LiverTox/Mitomycin.jpg,,COC1=C(C)C(=O)C2=C(C1=O)C(COC(N)=O)C1(N)C3NC3CN21
../drug-diffuser-0717/datasets/LiverTox/Copper.jpg,,CC(Cl)(Cl)C1C=CCC1
../drug-diffuser-0717/datasets/LiverTox/Entacapone.jpg,,CCN(CC)C(=O)C(C#N)=Cc1cc(O)c(O)c([N+](=O)[O-])c1
../drug-diffuser-0717/datasets/LiverTox/Phencyclidine.jpg,,c1ccc(C2(N3CCCCC3)CCCCC2)cc1
../drug-diffuser-0717/datasets/LiverTox/Amlodipine.jpg,,CCOC(=O)C1=C(COCCN)NC(C)=C(C(=O)OC)C1c1ccccc1Cl
../drug-diffuser-0717/datasets/LiverTox/Amitriptyline.jpg,,CN(C)CCC=C1c2ccccc2CCc2ccccc21
../drug-diffuser-0717/datasets/LiverTox/Acamprosate.jpg,,CC(=O)NCCCS(=O)(=O)O
../drug-diffuser-0717/datasets/LiverTox/Mebendazole.jpg,,COC(=O)Nc1nc2ccc(C(=O)c3ccccc3)cc2[nH]1
../drug-diffuser-0717/datasets/LiverTox/Degarelix.jpg,,CC(=O)C1(C)N=C(NC(=O)C(Cc2ccccc2)NC(=O)C(C)NC(=O)Cc2ccccc2)NC(=O)C1=Cc1cc(C)cc2c1NC(=O)C(N)NC2=O
../drug-diffuser-0717/datasets/LiverTox/Nabilone.jpg,,CCCCCCC(C)(C)c1cc(O)c2c(c1)OC(C)(C)C1CCC(=O)CC21
../drug-diffuser-0717/datasets/LiverTox/Pomalidomide.jpg,,Nc1cccc2c1C(=O)N(C1CCC(=O)NC1=O)C2=O
../drug-diffuser-0717/datasets/LiverTox/Fluphenazine.jpg,,OCCN1CCN(CCCN2c3ccccc3Sc3ccc(C(F)(F)F)cc32)CC1
../drug-diffuser-0717/datasets/LiverTox/Gefitinib.jpg,,COc1cc2ncnc(Nc3ccc(F)c(Cl)c3)c2cc1OCCCN1CCOCC1
../drug-diffuser-0717/datasets/LiverTox/Esmolol.jpg,,COC(=O)CCc1ccc(OCC(O)CNC(C)C)cc1
../drug-diffuser-0717/datasets/LiverTox/Terbinafine.jpg,,CN(CC=CC#CC(C)(C)C)Cc1cccc2ccccc12
../drug-diffuser-0717/datasets/LiverTox/Dacomitinib.jpg,,COc1cc2ncnc(Nc3ccc(F)c(Cl)c3)c2cc1NC(=O)C=CCN1CCCCC1
../drug-diffuser-0717/datasets/LiverTox/Pirfenidone.jpg,,Cc1ccn(-c2ccccc2)c(=O)c1
../drug-diffuser-0717/datasets/LiverTox/Morphine.jpg,,CN1CCC23c4c5ccc(O)c4OC2C(O)C=CC3C1C5
../drug-diffuser-0717/datasets/LiverTox/Bexarotene.jpg,,C=C(c1ccc(C(=O)O)cc1)c1cc2c(cc1C)C(C)(C)CCC2(C)C
../drug-diffuser-0717/datasets/LiverTox/Bortezomib.jpg,,CC(C)CC(NC(=O)C(Cc1ccccc1)NC(=O)c1cnccn1)C(O)O
../drug-diffuser-0717/datasets/LiverTox/Trametinib.jpg,,CC(=O)Nc1ccc(-n2c(=O)n(C3CC3)c(=O)c3c(Nc4ccc(F)cc4F)n(C)c(=O)cc32)c(C)c1
../drug-diffuser-0717/datasets/LiverTox/Thioguanine.jpg,,Nc1nc(=S)[nH]c2nc[nH]c12
../drug-diffuser-0717/datasets/LiverTox/CholicAcid.jpg,,CC(CCC(=O)O)C1CCC2C3C(O)CC4CC(O)CCC4(C)C3CC(O)C12C
../drug-diffuser-0717/datasets/LiverTox/Doravirine.jpg,,Cn1c(Cn2ccc(C(F)(F)F)c(Oc3cc(Cl)cc(C#N)c3)c2=O)n[nH]c1=O
../drug-diffuser-0717/datasets/LiverTox/Orphenadrine.jpg,,Cc1ccccc1C(OCCN(C)C)c1ccccc1
../drug-diffuser-0717/datasets/LiverTox/Sofosbuvir.jpg,,CC(C)OC(=O)C(C)NP(=O)(OCC1OC(n2ccc(=O)[nH]c2=O)C(C)(F)C1O)Oc1ccccc1
../drug-diffuser-0717/datasets/LiverTox/Temsirolimus.jpg,,COC1CC(C)CC=CC(=O)C(C)(CC2CCCN2)OC(=O)C(C)CCC=CC(C)C(OC(=O)C2CC(C)CC(=O)N2)C(O)C1C(C)CO
../drug-diffuser-0717/datasets/LiverTox/Diclofenac.jpg,,O=C(O)Cc1ccccc1Nc1c(Cl)cccc1Cl
../drug-diffuser-0717/datasets/LiverTox/Ubrogepant.jpg,,CC1CC(c2ccccc2)C(NC(=O)c2cnc3c(c2)CC2(C3)C(=O)Nc3ncccc32)C(=O)N1CC(F)(F)F
../drug-diffuser-0717/datasets/LiverTox/Eribulin.jpg,,C=C1CC2OC3CC2(O)CCC2CC(OC4C(O)C5OC5C2OC2CC5OC(=O)C(C)=C5CC(C)OC24)OC1(CC)C3C(=O)OC
../drug-diffuser-0717/datasets/LiverTox/Trimethobenzamide.jpg,,COc1cc(C(=O)NCc2ccc(OCCN(C)C)cc2)cc(OC)c1OC
../drug-diffuser-0717/datasets/LiverTox/Senna.jpg,,O=C(O)c1c(O)cc(C2Oc3cccc(O)c3C(=O)C2O)c2c(OC3OC(CO)C(O)C3O)cc(C3=C(O)C(O)C(O)C3O)cc12
../drug-diffuser-0717/datasets/LiverTox/Saquinavir.jpg,,CC(C)(C)NC(=O)C1CC2CCCCC2CN1C(=O)C(Cc1ccccc1)NC(O)C(NC(=O)c1ccc2ccccc2n1)C(N)=O
../drug-diffuser-0717/datasets/LiverTox/Ursodiol.jpg,,CC(CCC(=O)O)C1CCC2C3C(O)CC4CC(O)CCC4(C)C3CCC12C
../drug-diffuser-0717/datasets/LiverTox/Apomorphine.jpg,,CN1CCc2c(ccc3c2-c2cccc(O)c2C3O)C1
../drug-diffuser-0717/datasets/LiverTox/Dutasteride.jpg,,CC12C=CC(=O)NC1CCC1C2CCC2(C)C(C(=O)Nc3cc(C(F)(F)F)ccc3C(F)(F)F)CCC12
../drug-diffuser-0717/datasets/LiverTox/Propafenone.jpg,,CCCNCC(O)COc1ccccc1C(=O)CCc1ccccc1
../drug-diffuser-0717/datasets/LiverTox/Esketamine.jpg,,CNC1(c2ccccc2Cl)CCCCC1=O
../drug-diffuser-0717/datasets/LiverTox/Ivabradine.jpg,,COc1cc2c(cc1OC)CC(CN(C)CCCN1CC(=O)c3cc(OC)c(OC)cc3C1)CC2
../drug-diffuser-0717/datasets/LiverTox/Docusate.jpg,,CCCCC(CC)COC(=O)CC(C(=O)OCC(CC)CCCC)S(=O)(=O)O
../drug-diffuser-0717/datasets/LiverTox/Clofibrate.jpg,,CCOC(=O)C(C)(C)Oc1ccc(Cl)cc1
../drug-diffuser-0717/datasets/LiverTox/Sirolimus.jpg,,COC1CC(C)CCC=CC(=O)C(C)CC(C)OC(=O)C(CC2CCCC2)NC(=O)C(C)C2=CC(C)CC(OC)C(O)C(C)C(=O)NC1C2
../drug-diffuser-0717/datasets/LiverTox/Tenofovir.jpg,,CC(Cn1cnc2c(N)ncnc21)OCP(=O)(O)O
../drug-diffuser-0717/datasets/LiverTox/Guanfacine.jpg,,NC(N)=NC(=O)Cc1c(Cl)cccc1Cl
../drug-diffuser-0717/datasets/LiverTox/Acrivastine.jpg,,Cc1ccc(C(=CCN2CCCC2)c2cccc(C=CC(=O)O)n2)cc1
../drug-diffuser-0717/datasets/LiverTox/Isoflurane.jpg,,FC(F)OC(Cl)C(F)(F)F
../drug-diffuser-0717/datasets/LiverTox/Maribavir.jpg,,CC(O)C(C)Nc1nc2cc(Cl)c(Cl)cc2n1C1OC(CO)C1O
../drug-diffuser-0717/datasets/LiverTox/Selumetinib.jpg,,Cn1cnc2c(NOCCO)c(C(=O)Nc3ccc(Cl)cc3F)cc(Br)c21
../drug-diffuser-0717/datasets/LiverTox/Ketorolac.jpg,,O=C(O)C1CCc2c1ccn2C(=O)c1ccccc1
../drug-diffuser-0717/datasets/LiverTox/Tofacitinib.jpg,,CC1CCN(C(=O)CC#N)CC1N(C)c1ncnc2[nH]ccc12
../drug-diffuser-0717/datasets/LiverTox/Nelarabine.jpg,,COc1nc(N)nc2c1ncn2C1OC(CO)C(O)C1O
../drug-diffuser-0717/datasets/LiverTox/Gabapentin.jpg,,NCC1(CC(=O)O)CCCCC1
../drug-diffuser-0717/datasets/LiverTox/Oxaliplatin.jpg,,CCCC([NH3+])C1CCCCC1NC(=O)C(=O)O
../drug-diffuser-0717/datasets/LiverTox/Sildenafil.jpg,,CCCc1nn(C)c2c(=O)[nH]c(-c3cc(S(=O)(=O)N4CCN(C)CC4)ccc3OCC)nc12
../drug-diffuser-0717/datasets/LiverTox/Cidofovir.jpg,,Nc1ccn(CC(CO)OCP(=O)(O)O)c(=O)n1
../drug-diffuser-0717/datasets/LiverTox/Alectinib.jpg,,CCc1cc2c(cc1N1CCC(N3CCOCC3)CC1)C(C)(C)c1[nH]c3cc(C#N)ccc3c1C2=O
../drug-diffuser-0717/datasets/LiverTox/Riociguat.jpg,,COC(=O)N(C)c1c(N)nc(-c2nn(Cc3ccccc3F)c3ncccc23)nc1N
../drug-diffuser-0717/datasets/LiverTox/Meperidine.jpg,,CCOC(=O)C1(c2ccccc2)CCN(C)CC1
../drug-diffuser-0717/datasets/LiverTox/Itraconazole.jpg,,CCC(C)n1ncn(-c2ccc(N3CCOC(Cc4ccc(OCC5(n6cncn6)CC5c5ccc(F)cc5)cc4)CC3)cc2)c1=O
../drug-diffuser-0717/datasets/LiverTox/Etravirine.jpg,,Cc1cc(C#N)cc(C)c1Oc1nc(Nc2ccc(C#N)cc2)nc(N)c1Br
../drug-diffuser-0717/datasets/LiverTox/Ivermectin.jpg,,CCC(C)C1OC(C)=CC2OC(=O)C(C)C2CC2(C)OC2CC(OC2C=C(C)C(OC)=CC2)C2CC(C)C(C3CC(O)C(C)O3)C21O
../drug-diffuser-0717/datasets/LiverTox/Clobazam.jpg,,CN1C(=O)CC(=O)N(c2ccccc2)c2cc(Cl)ccc21
../drug-diffuser-0717/datasets/LiverTox/Zepatier.jpg,,COC(=O)C1(C)Cc2nc(N)n(C)c2-c2ccc(OC(=O)C3CCC3)c(c2)N=C(c2ccc3nc(-c4cn[nH]c4C)[nH]c3c2)c2cccc(c2)C(=O)N1
../drug-diffuser-0717/datasets/LiverTox/Succimer.jpg,,O=C(O)C(S)C(CS)C(=O)O
../drug-diffuser-0717/datasets/LiverTox/Voriconazole.jpg,,CC(c1ncncn1)C(O)(Cn1cncn1)c1ccc(F)cc1F
../drug-diffuser-0717/datasets/LiverTox/Olanzapine.jpg,,Cc1cc2c(s1)Nc1ccccc1N=C2N1CCN(C)CC1
../drug-diffuser-0717/datasets/LiverTox/Colesevelam.jpg,,C=CC=CCC(CCCC[N+](C)(C)CCCC1CC1)NCC(CCCCCCC)C(O)C[N+](C)(C)CC=C
../drug-diffuser-0717/datasets/LiverTox/Oxaprozin.jpg,,O=C(O)CCc1nc(-c2ccccc2)c(-c2ccccc2)o1
../drug-diffuser-0717/datasets/LiverTox/Doxylamine.jpg,,CN(C)CCOC(C)(c1ccccc1)c1ccccn1
../drug-diffuser-0717/datasets/LiverTox/Gemfibrozil.jpg,,Cc1ccc(C)c(OCCCC(C)(C)C(=O)O)c1
../drug-diffuser-0717/datasets/LiverTox/Penbutolol.jpg,,CC(C)(C)NCC(O)COc1ccccc1C1CCCC1
../drug-diffuser-0717/datasets/LiverTox/Pimozide.jpg,,O=c1[nH]c2ccccc2n1C1CCN(CCCC(c2ccc(F)cc2)c2ccc(F)cc2)CC1
../drug-diffuser-0717/datasets/LiverTox/Brigatinib.jpg,,COc1cc(N2CCC(N3CCN(C)CC3)CC2)ccc1Nc1ncc(F)c(Nc2ccccc2[SH](C)(C)=O)n1
../drug-diffuser-0717/datasets/LiverTox/Miglustat.jpg,,CCCCN1CC(O)C(O)C(O)C1CO
../drug-diffuser-0717/datasets/LiverTox/Capecitabine.jpg,,CCCCCOC(=O)Nc1nc(=O)n(C2OC(C)C(O)C2O)cc1F
../drug-diffuser-0717/datasets/LiverTox/Aclidinium.jpg,,O=C(OC1C[N+]2(CCCOc3ccccc3)CCC1CC2)C(O)(c1cccs1)c1cccs1
../drug-diffuser-0717/datasets/LiverTox/Chlordiazepoxide.jpg,,CN=C1CN(O)C(c2ccccc2)=c2cc(Cl)ccc2=N1
../drug-diffuser-0717/datasets/LiverTox/Celecoxib.jpg,,Cc1ccc(-c2cc(C(F)(F)F)nn2-c2ccc(S(N)(=O)=O)cc2)cc1
../drug-diffuser-0717/datasets/LiverTox/Gentamicin.jpg,,CNC(C)C1CCC(N)C(OC2C(N)CC(N)C(OC3OCC(C)(N)C(NC)C3O)C2O)O1
../drug-diffuser-0717/datasets/LiverTox/Pentamidine.jpg,,N=C(N)c1ccc(OCCCCCOc2ccc(C(=N)N)cc2)cc1
../drug-diffuser-0717/datasets/LiverTox/Zolpidem.jpg,,Cc1ccc(-c2nc3ccc(C)cn3c2CC(=O)N(C)C)cc1
../drug-diffuser-0717/datasets/LiverTox/Metaxalone.jpg,,Cc1cc(C)cc(OCC2CNC(=O)O2)c1
../drug-diffuser-0717/datasets/LiverTox/Piroxicam.jpg,,CN1C(C(=O)Nc2ccccn2)=C(O)c2ccccc2S1(=O)=O
../drug-diffuser-0717/datasets/LiverTox/Phenyltoloxamine.jpg,,CN(C)CCOc1ccccc1Cc1ccccc1
../drug-diffuser-0717/datasets/LiverTox/Alprazolam.jpg,,Cc1nnc2n1-c1ccc(Cl)cc1C(c1ccccc1)=NC2
../drug-diffuser-0717/datasets/LiverTox/Opicapone.jpg,,Cc1c(O)c(-c2noc(-c3cc(Cl)c(O)c([N+](=O)[O-])c3)n2)c(Cl)c(C)[n+]1[O-]
../drug-diffuser-0717/datasets/LiverTox/Ezetimibe.jpg,,O=C1C(CCC(O)c2ccc(F)cc2)C(c2ccc(F)cc2)N1c1ccc(O)cc1
../drug-diffuser-0717/datasets/LiverTox/Piperacillin.jpg,,CCN1CCN(C(=O)NC(C(=O)NC2C(=O)N3C(=O)C(C)(C)C(C(=O)O)SC23)c2ccccc2)C1=O
../drug-diffuser-0717/datasets/LiverTox/Paroxetine.jpg,,Fc1ccc(C2CCNCC2COc2ccc3c(c2)OCO3)cc1
../drug-diffuser-0717/datasets/LiverTox/Abacavir.jpg,,Nc1nc(NC2C=CC(N)C2)c2ncn(C3CC3)c2n1
../drug-diffuser-0717/datasets/LiverTox/Temozolomide.jpg,,Cn1nnc2c(C(N)=O)ncn2c1=O
../drug-diffuser-0717/datasets/LiverTox/Lefamulin.jpg,,C=CC1(C)CC(OC(=O)CSC2(C)CCC(O)CC2N)C2(C)CCC(=O)C2(C)C1O
../drug-diffuser-0717/datasets/LiverTox/Siponimod.jpg,,CCc1cc(CN2CC(C(=O)O)C2)cc(C)c1CON=C(C)c1ccc(C2CCCCC2)c(C(F)F)c1
../drug-diffuser-0717/datasets/LiverTox/Plecanatide.jpg,,CC(C)C1=CC(=O)OC2CC(C(C)C)NC(=O)C23Cc2[nH]c(=O)c(nc2C(C)CC(=O)O)NC(=O)c2cc(cc(c2)C1O)C(N)C(=O)N3
../drug-diffuser-0717/datasets/LiverTox/Nitrofurantoin.jpg,,O=C1CN(N=Cc2ccc([N+](=O)[O-])o2)C(=O)N1
../drug-diffuser-0717/datasets/LiverTox/Lovastatin.jpg,,CCC(C)C(=O)OC1CC(C)C=C2C=CC(C)C(CCC3CC(O)CC(=O)O3)C21
../drug-diffuser-0717/datasets/LiverTox/Irbesartan.jpg,,CCCCC1=NC2(CCCC2)C(=O)N1Cc1ccc(-c2ccccc2-c2nn[nH]n2)cc1
../drug-diffuser-0717/datasets/LiverTox/Methyldopa.jpg,,CC(N)(Cc1ccc(O)c(O)c1)C(=O)O
../drug-diffuser-0717/datasets/LiverTox/Amiodarone.jpg,,CCCCc1oc2ccccc2c1C(=O)c1cc(Cl)c(OCCN(CC)CC)c(Cl)c1
../drug-diffuser-0717/datasets/LiverTox/Thiotepa.jpg,,S=P(N1CC1)(N1CC1)N1CC1
../drug-diffuser-0717/datasets/LiverTox/Repaglinide.jpg,,CCOc1cc(CC(=O)NC(CC(=O)O)c2ccccc2C(C)C)ccc1N1CCCCC1
../drug-diffuser-0717/datasets/LiverTox/Leuprolide.jpg,,CC(C)CC1NC(=O)C(Cc2cnc[nH]2)NC(=O)C(CCCN=C(N)N)NC(=O)C(Cc2ccccc2O)NC(=O)C2CCCN2C(=O)C1N
../drug-diffuser-0717/datasets/LiverTox/Ticagrelor.jpg,,CCCSc1nc(NC2CC2c2ccc(F)cc2F)c2nnn(C3CC(OCCO)C(O)C3O)c2n1
../drug-diffuser-0717/datasets/LiverTox/Statins.jpg,,COCc1nc(C(C)C)c(C=CC(O)CC(O)CC(=O)O)c(C(C)C)c1-c1ccc(F)cc1
../drug-diffuser-0717/datasets/LiverTox/Reserpine.jpg,,COC(=O)C1C2Cc3c([nH]c4cc(OC)c(OC)cc34)C2CCN2CC(OC(=O)c3cc(OC)c(OC)c(OC)c3)CCC12
../drug-diffuser-0717/datasets/LiverTox/Cimetidine.jpg,,CN=C(NC#N)NCCSCc1nc[nH]c1C
../drug-diffuser-0717/datasets/LiverTox/Letrozole.jpg,,N#Cc1ccc(C(c2ccc(C#N)cc2)n2cncn2)cc1
../drug-diffuser-0717/datasets/LiverTox/Naloxone.jpg,,C=CCN1CCC23c4c5ccc(O)c4OC2C(=O)CCC3(O)C1C5
../drug-diffuser-0717/datasets/LiverTox/Olmesartan.jpg,,CCCc1nc(C(C)(C)O)c(C(=O)O)n1Cc1ccc(-c2ccccc2-c2nn[nH]n2)cc1
../drug-diffuser-0717/datasets/LiverTox/L-Glutamine.jpg,,NC(=O)CCC(N)C(=O)O
../drug-diffuser-0717/datasets/LiverTox/Alpelisib.jpg,,Cc1nc(NC(=O)N2CCCC2C(N)=O)sc1-c1ccnc(C(C)(C)C(F)(F)F)c1
../drug-diffuser-0717/datasets/LiverTox/Vorinostat.jpg,,O=C(CCCCCCC(=O)Nc1ccccc1)NO
../drug-diffuser-0717/datasets/LiverTox/Penicillamine.jpg,,CC(C)(S)C(N)C(=O)O
../drug-diffuser-0717/datasets/LiverTox/Ribociclib.jpg,,CN(C)C(=O)c1cc2cnc(Nc3ccc(N4CCNCC4)cn3)nc2n1C1CCCC1
../drug-diffuser-0717/datasets/LiverTox/Posaconazole.jpg,,CCC(C1COC1)n1cnc(-c2ccc(N3CCC(Oc4ccc(C5(Cn6cncn6)CC5)cc4)C(c4ccccc4)C3)cc2)c1O
../drug-diffuser-0717/datasets/LiverTox/Atovaquone.jpg,,O=C1C(Cl)=C(C2CCC(c3ccc(Cl)cc3)CC2)C(=O)c2ccccc21
../drug-diffuser-0717/datasets/LiverTox/Secnidazole.jpg,,Cc1ncc([N+](=O)[O-])n1CC(C)O
../drug-diffuser-0717/datasets/LiverTox/Clozapine.jpg,,CN1CCN(C2=Nc3cc(Cl)ccc3Nc3ccccc32)CC1
../drug-diffuser-0717/datasets/LiverTox/Tribulus.jpg,,CN(CC(=O)O)C(C(=N)C(=O)O)C(O)C(O)C(O)C(O)CO
../drug-diffuser-0717/datasets/LiverTox/Doxepin.jpg,,CN(C)CCC=C1c2ccccc2COc2ccccc21
../drug-diffuser-0717/datasets/LiverTox/Tiotropium.jpg,,C[N+]12CCC(OC(=O)C(O)(c3cccs3)c3cccs3)CC1C1OC1C2
../drug-diffuser-0717/datasets/LiverTox/Letermovir.jpg,,COc1cccc(N2CCN(C3=Nc4c(F)cccc4C(CC(=O)O)N3c3cc(OC)ccc3C(F)(F)F)CC2)c1
../drug-diffuser-0717/datasets/LiverTox/Ezogabine.jpg,,CCOC(=O)Nc1ccc(NCc2ccc(F)cc2)cc1N
../drug-diffuser-0717/datasets/LiverTox/Methotrexate.jpg,,CN(Cc1cnc2nc(N)nc(N)c2n1)c1ccc(C(=O)NC(CCC(=O)O)C(=O)O)cc1
../drug-diffuser-0717/datasets/LiverTox/Albiglutide.jpg,,CNC(=O)c1cc2[nH][nH]c(=O)c2cc1-c1cccc2c1C(=O)c1ccccc1C2=NC(N)=C1N=C(C)C(=O)C2=C1C(=O)C(C1CCC=N1)=N2
../drug-diffuser-0717/datasets/LiverTox/Propranolol.jpg,,CC(C)NCC(O)COc1cccc2ccccc12
../drug-diffuser-0717/datasets/LiverTox/DimethylFumarate.jpg,,COC(=O)C=CC(=O)OC
../drug-diffuser-0717/datasets/LiverTox/Dipyridamole.jpg,,OCCN(CCO)c1nc(N2CCCCC2)nc2c(N(CCO)CCO)nc(N3CCCCC3)nc12
../drug-diffuser-0717/datasets/LiverTox/Plicamycin.jpg,,COC1C(O)CC(Oc2cc(OC3OC(C)C(O)C(O)C3O)cc3c2C(=O)C(O)CC3)CC1OC1CC(C)C(O)C(C2CC(O)C(O)O2)C1O
../drug-diffuser-0717/datasets/LiverTox/Norfloxacin.jpg,,CCn1cc(C(=O)O)c(=O)c2cc(F)c(N3CCNCC3)cc21
../drug-diffuser-0717/datasets/LiverTox/Oxazepam.jpg,,
../drug-diffuser-0717/datasets/LiverTox/Pravastatin.jpg,,CCC(C)C(=O)OC1CC(C)C=C2C=CC(C)C(CCC(O)CC(O)CC(=O)O)C21
../drug-diffuser-0717/datasets/LiverTox/ChloralHydrate.jpg,,OC(O)C(Cl)(Cl)Cl
../drug-diffuser-0717/datasets/LiverTox/Anagrelide.jpg,,O=C1CN2Cc3c(ccc(Cl)c3Cl)N=C2N1
../drug-diffuser-0717/datasets/LiverTox/Midazolam.jpg,,Cc1ncc2n1-c1ccc(Cl)cc1C(c1ccccc1F)=NC2
../drug-diffuser-0717/datasets/LiverTox/Dactinomycin.jpg,,CC(C)Nc1[nH]c(=O)c2cc1C1=C(NC(=O)C3CCCN3C(=O)C(C)NC(=O)C(C)CC(=O)C3CCCN3C(=O)C(C)NC2=O)C(=O)N(C)C1=O
../drug-diffuser-0717/datasets/LiverTox/Meprobamate.jpg,,CCCC(C)(COC(N)=O)COC(N)=O
../drug-diffuser-0717/datasets/LiverTox/Desflurane.jpg,,FC(F)OC(F)C(F)(F)F
../drug-diffuser-0717/datasets/LiverTox/Oxycodone.jpg,,COc1ccc2c3c1OC1C(=O)CCC4(O)C(C2)N(C)CCC314
../drug-diffuser-0717/datasets/LiverTox/Rosuvastatin.jpg,,CC(C)c1nc(N(C)S(C)(=O)=O)nc(-c2ccc(F)cc2)c1C=CC(O)CC(O)CC(=O)O
../drug-diffuser-0717/datasets/LiverTox/Erdafitinib.jpg,,COc1cc(OC)cc(N(CCNC(C)C)c2ccc3ncc(-c4cnn(C)c4)nc3c2)c1
../drug-diffuser-0717/datasets/LiverTox/Trabectedin.jpg,,COc1cc(C)c2c(c1OC)C1C3Cc4c(O)c(C)cc(O)c4C(Cc4ccc5c(c4OC)OCO5)C3C(C2=O)C1(C)OC(C)=O
../drug-diffuser-0717/datasets/LiverTox/Triptorelin.jpg,,CC(C)CC(NC(=O)C1CC=CN1)C(=O)NC(Cc1ccccc1)NC(=O)C(Cc1c[nH]c2ccccc12)NC(=O)C1=C(N)N=C(C(N)=O)C1O
../drug-diffuser-0717/datasets/LiverTox/Gemifloxacin.jpg,,CON=C1CN(c2nc3c(cc2F)c(=O)c(C(=O)O)cn3C2CC2)CC1CN
../drug-diffuser-0717/datasets/LiverTox/Amodiaquine.jpg,,CCN(CC)Cc1cc(Nc2ccnc3cc(Cl)ccc23)ccc1O
../drug-diffuser-0717/datasets/LiverTox/Azithromycin.jpg,,CCC1OC(C)CC(O)C(C)C(OC2OC(C)CC(N(C)C)C2O)C(C)(OC)CC(C)C(=O)C(C)CC(C)C(C)C(O)C1(C)O
../drug-diffuser-0717/datasets/LiverTox/Erlotinib.jpg,,C#Cc1cccc(Nc2ncnc3cc(OCCOC)c(OCCOC)cc23)c1
../drug-diffuser-0717/datasets/LiverTox/Simeprevir.jpg,,COc1cccc2c(OC3CC(=O)N(C)C4CC4C=CCCCC(=O)NS(=O)(=O)c4cc(C5CC5)cc(C(C)C)c4O3)nc(C)cc12
../drug-diffuser-0717/datasets/LiverTox/Nimesulide.jpg,,CS(=O)(=O)Nc1ccc([N+](=O)[O-])cc1Oc1ccccc1
../drug-diffuser-0717/datasets/LiverTox/Viltolarsen.jpg,,CC1CC=Cc2cc3c(c(O)c21)C(=O)C1C24OC5C=C6CC(O)CCC6(C)C5(C)CC2OC(=O)C(C)C(C3)C1(C)C(O)(C(=O)O)C4C
../drug-diffuser-0717/datasets/LiverTox/Lixisenatide.jpg,,
../drug-diffuser-0717/datasets/LiverTox/Trihexyphenidyl.jpg,,OC(CCN1CCCCC1)(c1ccccc1)C1CCCCC1
../drug-diffuser-0717/datasets/LiverTox/Solifenacin.jpg,,O=C(OC1CN2CCC1CC2)N1CCc2ccccc2C1c1ccccc1
../drug-diffuser-0717/datasets/LiverTox/Neomycin.jpg,,NCC1OC(OC2C(N)CC(N)C(OC3OC(CN)C(O)C(O)C3N)C2O)C(OC2OC(CO)C(O)C2O)C(N)C1O
../drug-diffuser-0717/datasets/LiverTox/Sulfasalazine.jpg,,O=C(O)c1cccc(N=Nc2ccc(S(=O)(=O)Nc3ccccn3)c(O)c2)c1
../drug-diffuser-0717/datasets/LiverTox/Nitisinone.jpg,,O=C1CCCC(=O)C1C(=O)c1ccc(C(F)(F)F)cc1[N+](=O)[O-]
../drug-diffuser-0717/datasets/LiverTox/Pemigatinib.jpg,,CCN1C(=O)N(c2c(F)cc(OC)cc2OC)Cc2cnc3[nH]c(CN4CCOCC4)cc3c21
../drug-diffuser-0717/datasets/LiverTox/Clemastine.jpg,,CN1CCCC1CCOC(C)(c1ccccc1)c1ccc(Cl)cc1
../drug-diffuser-0717/datasets/LiverTox/Cycloserine.jpg,,NC1CONC1=O
../drug-diffuser-0717/datasets/LiverTox/Carfilzomib.jpg,,CC(C)CC(NC(=O)C(Cc1ccccc1)NC(=O)C1(C)CCOC1)C(=O)NC(Cc1ccccc1)C(=O)NC(CC(C)C)C1CC1
../drug-diffuser-0717/datasets/LiverTox/Lansoprazole.jpg,,Cc1c(OCC(F)(F)F)ccnc1CS(=O)c1nc2ccccc2[nH]1
../drug-diffuser-0717/datasets/LiverTox/Procainamide.jpg,,CCN(CC)CCNC(=O)c1ccc(N)cc1
../drug-diffuser-0717/datasets/LiverTox/Silodosin.jpg,,CC(Cc1cc(C(N)=O)c2c(c1)N(CCCO)CC2)NCCOc1ccccc1OCC(F)(F)F
../drug-diffuser-0717/datasets/LiverTox/Primaquine.jpg,,COc1cc(NC(C)CCCN)c2ncccc2c1
../drug-diffuser-0717/datasets/LiverTox/Busulfan.jpg,,CS(=O)(=O)OCCCCOS(C)(=O)=O
../drug-diffuser-0717/datasets/LiverTox/Bictegravir.jpg,,O=C(NCc1c(F)cc(F)cc1F)c1cn2c(c(O)c1=O)C(=O)N1C3CCC(C3)C1COC2
../drug-diffuser-0717/datasets/LiverTox/Pergolide.jpg,,CCCN1CC(CSC)C2c3cccc4[nH]cc(c34)CC21
../drug-diffuser-0717/datasets/LiverTox/Mepacrine.jpg,,CCN(CC)CCCC(C)Nc1c2ccc(Cl)cc2nc2cc(OC)ccc12
../drug-diffuser-0717/datasets/LiverTox/Pitolisant.jpg,,Clc1ccc(CCCOCCCN2CCCCC2)cc1
../drug-diffuser-0717/datasets/LiverTox/Niacin.jpg,,O=C(O)c1cccnc1
../drug-diffuser-0717/datasets/LiverTox/Afatinib.jpg,,CN(C)CC=CC(=O)Nc1cc2c(Nc3ccc(F)c(Cl)c3)ncnc2cc1OC1CCOC1
../drug-diffuser-0717/datasets/LiverTox/Primidone.jpg,,CCC1(c2ccccc2)C(=O)NCNC1=O
../drug-diffuser-0717/datasets/LiverTox/Vancomycin.jpg,,CC1C(=O)CC(c2ccc[nH]2)NC(=O)C2(C)Oc3cc(cc(NC(=O)C4CC(O)C(O)N4)c3C(N)=O)-c3cc(ccc3O)-c3cc(ccc31)C2O
../drug-diffuser-0717/datasets/LiverTox/Lubiprostone.jpg,,CCCCCC(C)(O)C1CCC2C(CC(=O)C2CCCCCCC(=O)O)O1
../drug-diffuser-0717/datasets/LiverTox/Ampicillin.jpg,,CC1(C)SC2C(NC(=O)C(N)c3ccccc3)C(=O)N2C1C(=O)O
../drug-diffuser-0717/datasets/LiverTox/Bromocriptine.jpg,,CC(C)CC1NC(=O)C2C(=C(C(C)C)C(=O)N3CCCC23)CC2(O)C3Cc4c([nH]c5cccc(F)c45)C(=O)N3CC2N1C
../drug-diffuser-0717/datasets/LiverTox/Telaprevir.jpg,,CCCC(NC(=O)C1C2CC2CN1C(=O)C(NC(=O)C(NC(=O)c1ccccn1)C1CCCC1)C(C)(C)C)C(=O)C1CCCN1
../drug-diffuser-0717/datasets/LiverTox/Betaxolol.jpg,,CC(C)NCC(O)COc1ccc(CCOCC2CC2)cc1
../drug-diffuser-0717/datasets/LiverTox/Ivosidenib.jpg,,N#Cc1ccnc(N(C(=O)C2CCC(=O)N2)C(C(=O)NC2CC(F)(F)C2)c2cc(C#N)ccc2-c2ccccc2)c1
../drug-diffuser-0717/datasets/LiverTox/Simvastatin.jpg,,CCC(C)(C)C(=O)OC1CC(C)C=C2C=CC(C)C(CCC3CC(O)CC(=O)O3)C21
../drug-diffuser-0717/datasets/LiverTox/Sulindac.jpg,,CC1=C(CC(=O)O)c2cc(F)ccc2C1=Cc1ccc(S(C)=O)cc1
../drug-diffuser-0717/datasets/LiverTox/Streptozocin.jpg,,CN(N=O)C(=O)NC1C(O)OC(CO)C(O)C1O
../drug-diffuser-0717/datasets/LiverTox/Tizanidine.jpg,,Clc1ccc2nsnc2c1NC1=NCCN1
../drug-diffuser-0717/datasets/LiverTox/Docetaxel.jpg,,CC(=O)C12C(O)CC(OC(=O)c3ccccc3)C(C)C1(O)C(OC(=O)C1=CCC3C(=O)OC(C)(C)C13)C(NC(=O)c1ccccc1)C2C
../drug-diffuser-0717/datasets/LiverTox/Cannabidiol.jpg,,CCCCCc1cc(O)c(C2C=C(C)CCC2C(C)C)c(O)c1
../drug-diffuser-0717/datasets/LiverTox/Dalfampridine.jpg,,Nc1ccncc1
../drug-diffuser-0717/datasets/LiverTox/Thiabendazole.jpg,,c1ccc2[nH]c(-c3cscn3)nc2c1
../drug-diffuser-0717/datasets/LiverTox/Proguanil.jpg,,CC(C)N=C(N)N=C(N)Nc1ccc(Cl)cc1
../drug-diffuser-0717/datasets/LiverTox/Trandolapril.jpg,,CCOC(=O)C(CCc1ccccc1)NC(C)C(=O)N1C(C(=O)O)CC2CCCCC21
../drug-diffuser-0717/datasets/LiverTox/Clindamycin.jpg,,CCCC1CC(C(=O)NC(C(C)O)C2OC(OC)C(O)C(O)C2O)N(C)C1
../drug-diffuser-0717/datasets/LiverTox/Omacetaxine.jpg,,COC1=CC2CC3c4cc5c(cc4CCN2C1CC3O)OCO5
../drug-diffuser-0717/datasets/LiverTox/VitaminE.jpg,,CCC1=C(C)C(=O)N(CCNC(=O)Nc2ccc(S(=O)(=O)NC3CCC(C)CC3)cc2)C1=O
../drug-diffuser-0717/datasets/LiverTox/Berberine.jpg,,COc1cc2c(cc1OC)-c1cc[n+]3cc4c(cc3c1CC2)OCO4
../drug-diffuser-0717/datasets/LiverTox/Chlorambucil.jpg,,O=C(O)CCCc1ccc(N(CCCl)CCCl)cc1
../drug-diffuser-0717/datasets/LiverTox/Oxacillin.jpg,,Cc1onc(-c2ccccc2)c1C(=O)NC1C(=O)N2C1SC(C)(C)C2C(=O)O
../drug-diffuser-0717/datasets/LiverTox/Revefenacin.jpg,,CN(CCN1CCC(OC(=O)Nc2ccccc2-c2ccccc2)CC1)C(=O)c1ccc(CN2CCC(C(N)=O)CC2)cc1
../drug-diffuser-0717/datasets/LiverTox/Rofecoxib.jpg,,CS(=O)(=O)c1ccc(C2=C(c3ccccc3)C(=O)OC2)cc1
../drug-diffuser-0717/datasets/LiverTox/Ramelteon.jpg,,CCC(=O)NCCC1CCc2cccc3c2C1OCC3
../drug-diffuser-0717/datasets/LiverTox/Clofarabine.jpg,,Nc1nc(Cl)c2ncn(C3OC(CO)C(O)C3O)c2n1
../drug-diffuser-0717/datasets/LiverTox/Rufinamide.jpg,,NC(=O)c1cn(Cc2c(F)cccc2F)nn1
../drug-diffuser-0717/datasets/LiverTox/Codeine.jpg,,COc1ccc2c3c1OC1C(O)C=CC4C(C2)N(C)CCC341
../drug-diffuser-0717/datasets/LiverTox/Osimertinib.jpg,,C=CC(=O)Nc1cc(Nc2nccc(-c3cn(C)c4ccccc34)n2)c(OC)cc1N(C)CCN(C)C
../drug-diffuser-0717/datasets/LiverTox/Ziprasidone.jpg,,O=C1Cc2cc(CCN3CCN(c4nsc5ccccc45)CC3)c(Cl)cc2N1
../drug-diffuser-0717/datasets/LiverTox/Linaclotide.jpg,,C=C(O)C1CC(=O)NC2CCC(O2)C(=O)C2C(Cc3ccc(O)cc3)NC(=O)C2(C(=O)O)NC(=O)c2cc(C)cc(c2)C(C(=O)O)C1O
../drug-diffuser-0717/datasets/LiverTox/Troglitazone.jpg,,Cc1c(C)c2c(c(C)c1O)CCC(C)(COc1ccc(CC3SC(=O)NC3=O)cc1)O2
../drug-diffuser-0717/datasets/LiverTox/Zinc.jpg,,CC1C=[S+]CC1
../drug-diffuser-0717/datasets/LiverTox/Isoniazid.jpg,,NNC(=O)c1ccncc1
../drug-diffuser-0717/datasets/LiverTox/Goserelin.jpg,,CC(C)CC(NC(=O)C1CC=C(CC(N)=O)NC1=O)C(=O)NC(Cc1c[nH]c2ccccc12)C(=O)NC(C(=O)O)c1nc(C2CCC2)[nH]c1N
../drug-diffuser-0717/datasets/LiverTox/Felbamate.jpg,,NC(=O)OCC(COC(N)=O)c1ccccc1
../drug-diffuser-0717/datasets/LiverTox/Palbociclib.jpg,,CC(=O)c1c(C)c(=O)n(C2CCCC2)c2nc(Nc3ccc(N4CCNCC4)cn3)ncc12
../drug-diffuser-0717/datasets/LiverTox/Moexipril.jpg,,CCOC(=O)C(CCc1ccccc1)NC(C)C(=O)N1Cc2cc(OC)c(OC)cc2CC1C(=O)O
../drug-diffuser-0717/datasets/LiverTox/Psoralen.jpg,,O=c1ccc2cc3ccoc3cc2o1
../drug-diffuser-0717/datasets/LiverTox/Foscarnet.jpg,,O=C(O)P(=O)(O)O
../drug-diffuser-0717/datasets/LiverTox/Darolutamide.jpg,,CC(Cn1ccc(C(=O)NC(C)c2ccc(Cl)c(C#N)c2)n1)c1cc(C#N)[nH]n1
../drug-diffuser-0717/datasets/LiverTox/Solriamfetol.jpg,,NC(=O)OCC(N)Cc1ccccc1
../drug-diffuser-0717/datasets/LiverTox/Yohimbine.jpg,,COC(=O)C1C(O)CCC2CN3CCc4c([nH]c5ccccc45)C3CC21
../drug-diffuser-0717/datasets/LiverTox/Clofazimine.jpg,,CC(C)N=c1cc2n(-c3ccccc3)c3ccc(Cl)cc3nc-2cc1Nc1ccc(Cl)cc1
../drug-diffuser-0717/datasets/LiverTox/Raltegravir.jpg,,Cc1nnc(C(=O)NC(C)(C)c2nc(C(=O)NCc3ccc(F)cc3)c(O)c(=O)n2C)o1
../drug-diffuser-0717/datasets/LiverTox/Ixazomib.jpg,,CC(C)CC(NC(=O)CNC(=O)c1cc(Cl)ccc1Cl)C(O)O
../drug-diffuser-0717/datasets/LiverTox/Idelalisib.jpg,,CCC(Nc1ncnc2nc[nH]c12)c1nc2cccc(F)c2c(=O)n1-c1ccccc1
../drug-diffuser-0717/datasets/LiverTox/Regorafenib.jpg,,CNC(=O)c1cccc(Oc2ccc(NC(=O)Nc3cc(Cl)c(C(F)(F)F)c(Cl)c3)cc2)n1
../drug-diffuser-0717/datasets/LiverTox/Temazepam.jpg,,CN1C(=O)C(O)N=C(c2ccccc2)c2cc(Cl)ccc21
../drug-diffuser-0717/datasets/LiverTox/Remdesivir.jpg,,CCC(CC)COP(=O)(NC(C)C(=O)OC1(c2ccc3c(N)ncnn23)CC(C#N)C(O)C1O)Oc1ccccc1
../drug-diffuser-0717/datasets/LiverTox/Rifabutin.jpg,,COC1=C2C=CC(C)CC2OC(=O)c2cc3c(c(C)c2C1)N=CC1(O3)C(C)=CC2=C(CC(C)C(O)C2)NC(=O)C(CC(C)C)N=C1O
../drug-diffuser-0717/datasets/LiverTox/Zonisamide.jpg,,NS(=O)(=O)Cc1noc2ccccc12
../drug-diffuser-0717/datasets/LiverTox/Aliskiren.jpg,,COCCCOc1cc(CC(CC(N)C(O)CC(C(=O)NCC(C)(C)C(N)=O)C(C)C)C(C)C)ccc1OC
../drug-diffuser-0717/datasets/LiverTox/Dofetilide.jpg,,CN(CCOc1ccc(NS(C)(=O)=O)cc1)CCc1ccc(NS(C)(=O)=O)cc1
../drug-diffuser-0717/datasets/LiverTox/Fesoterodine.jpg,,CC(C)C(=O)OC(c1ccccc1)c1ccc(CO)c(CCN(C(C)C)C(C)C)c1
../drug-diffuser-0717/datasets/LiverTox/Safinamide.jpg,,CC(NCc1ccc(OCc2cccc(F)c2)cc1)C(N)=O
../drug-diffuser-0717/datasets/LiverTox/Metronidazole.jpg,,Cc1ncc([N+](=O)[O-])n1CCO
../drug-diffuser-0717/datasets/LiverTox/Rifamycin.jpg,,COC1=C(C)C2C=CC(=O)C(C)Cc3cc(c(O)c(C)c3O)CC=CC(C)OC(=O)C(C)=CC(C)C(O)C(C1)NC(=O)C2(C)O
../drug-diffuser-0717/datasets/LiverTox/Methadone.jpg,,CCC(=O)C(CC(C)N(C)C)(c1ccccc1)c1ccccc1
../drug-diffuser-0717/datasets/LiverTox/Baricitinib.jpg,,CCS(=O)(=O)N1CC(C#N)(Cn2cc(-c3ncnc4[nH]ccc34)cn2)C1
../drug-diffuser-0717/datasets/LiverTox/Doxazosin.jpg,,COc1cc2nc(N3CCN(C(=O)C4COc5ccccc5O4)CC3)nc(N)c2cc1OC
../drug-diffuser-0717/datasets/LiverTox/Mepenzolate.jpg,,C[N+]1(C)CCCC(OC(=O)C(O)(c2ccccc2)c2ccccc2)C1
../drug-diffuser-0717/datasets/LiverTox/Apalutamide.jpg,,CNC(=O)c1ccc(N2C(=S)N(c3cnc(C#N)c(C(F)(F)F)c3)C(=O)C23CCC3)cc1F
../drug-diffuser-0717/datasets/LiverTox/Methimazole.jpg,,Cn1cc[nH]c1=S
../drug-diffuser-0717/datasets/LiverTox/Fenofibrate.jpg,,CC(C)OC(=O)C(C)(C)Oc1ccc(C(=O)c2ccc(Cl)cc2)cc1
../drug-diffuser-0717/datasets/LiverTox/Nintedanib.jpg,,COC(=O)c1ccc2c(C(C)=Nc3ccc(N(C(=O)CN4CCN(C)CC4)c4ccccc4)cc3)c(O)[nH]c2c1
../drug-diffuser-0717/datasets/LiverTox/Risperidone.jpg,,Cc1nc2n(c(=O)c1CCN1CCC(c3noc4cc(F)ccc34)CC1)CCCC2
../drug-diffuser-0717/datasets/LiverTox/Pyrantel.jpg,,CN1CCCN=C1C=Cc1cccs1
../drug-diffuser-0717/datasets/LiverTox/Atomoxetine.jpg,,CNCCC(Oc1ccccc1C)c1ccccc1
../drug-diffuser-0717/datasets/LiverTox/Rifapentine.jpg,,COC1=C(C)C2C(=O)c3c(cc(O)c(C)c3O)CC3N=C(C=C4CCCC4)C(O)C(OC(C)=O)C(C)=CC3OC2C(C)C(=O)NC1C
../drug-diffuser-0717/datasets/LiverTox/Tinidazole.jpg,,CCS(=O)(=O)CCn1c([N+](=O)[O-])cnc1C
../drug-diffuser-0717/datasets/LiverTox/Benznidazole.jpg,,O=C(Cn1ccnc1[N+](=O)[O-])NCc1ccccc1
../drug-diffuser-0717/datasets/LiverTox/Vardenafil.jpg,,CCCc1nc(C)c2c(=O)[nH]c(-c3cc(S(=O)(=O)N4CCN(CC)CC4)ccc3OCC)nn12
../drug-diffuser-0717/datasets/LiverTox/Triprolidine.jpg,,Cc1ccc(C(=CCN2CCCC2)c2ccccn2)cc1
../drug-diffuser-0717/datasets/LiverTox/Trimipramine.jpg,,CC(CN(C)C)CN1c2ccccc2CCc2ccccc21
../drug-diffuser-0717/datasets/LiverTox/Avanafil.jpg,,COc1ccc(CNc2nc(N3CCCC3CO)ncc2C(=O)NCc2ncccn2)cc1Cl
../drug-diffuser-0717/datasets/LiverTox/Efavirenz.jpg,,O=C1Nc2ccc(Cl)cc2C(C#CC2CC2)(C(F)(F)F)O1
../drug-diffuser-0717/datasets/LiverTox/Fludarabine.jpg,,Nc1nc(N)c2ncn(C3OC(CO)C(O)C3O)c2n1
../drug-diffuser-0717/datasets/LiverTox/Metoclopramide.jpg,,CCN(CC)CCNC(=O)c1cc(Cl)c(N)cc1OC
../drug-diffuser-0717/datasets/LiverTox/Fosphenytoin.jpg,,O=C1NC(c2ccccc2)(c2ccccc2)C(=O)N1COP(=O)(O)O
../drug-diffuser-0717/datasets/LiverTox/Eprosartan.jpg,,CCCCc1ncc(C=C(Cc2cccs2)C(=O)O)n1Cc1ccc(C(=O)O)cc1
../drug-diffuser-0717/datasets/LiverTox/Famciclovir.jpg,,CC(=O)OCC(CCn1cnc2cnc(N)nc21)COC(C)=O
../drug-diffuser-0717/datasets/LiverTox/Chloroquine.jpg,,CCN(CC)CCCC(C)Nc1ccnc2cc(Cl)ccc12
../drug-diffuser-0717/datasets/LiverTox/Acetaminophen.jpg,,CC(=O)Nc1ccc(O)cc1
../drug-diffuser-0717/datasets/LiverTox/Propantheline.jpg,,CC(C)[N+](C)(CCOC(=O)C1c2ccccc2Oc2ccccc21)C(C)C
../drug-diffuser-0717/datasets/LiverTox/Spironolactone.jpg,,CC(=O)SC1CC2=CC(=O)CCC2(C)C2CCC3(C)C(CCC34CCC(=O)O4)C12
../drug-diffuser-0717/datasets/LiverTox/Fosfomycin.jpg,,CC1OC1P(=O)(O)O
../drug-diffuser-0717/datasets/LiverTox/Ceftriaxone.jpg,,CON=C(C(=O)NC1C(=O)N2C(C(=O)O)=C(CSc3nc(=O)c(=O)[nH]n3C)CSC12)c1csc(N)n1
../drug-diffuser-0717/datasets/LiverTox/Cyclobenzaprine.jpg,,CN(C)CCC=C1c2ccccc2C=Cc2ccccc21
../drug-diffuser-0717/datasets/LiverTox/Pimavanserin.jpg,,CC(C)COc1ccc(CNC(=O)N(Cc2ccc(F)cc2)C2CCN(C)CC2)cc1
../drug-diffuser-0717/datasets/LiverTox/Sonidegib.jpg,,Cc1cc(N2CCOC(c3cccc(NC(=O)c4ccc(OC(F)(F)F)cc4)c3C)C2)nc(C)n1
../drug-diffuser-0717/datasets/LiverTox/Doxycycline.jpg,,CC1c2cccc(O)c2C(O)=C2C(=O)C3(O)C(O)=C(C(N)=O)C(=O)C(N(C)C)C3C(O)C21
../drug-diffuser-0717/datasets/LiverTox/Naproxen.jpg,,COc1ccc2cc(C(C)C(=O)O)ccc2c1
../drug-diffuser-0717/datasets/LiverTox/Tolvaptan.jpg,,Cc1ccccc1C(=O)Nc1ccc(C)c(C(=O)N2CCCC(O)c3cc(Cl)ccc32)c1
../drug-diffuser-0717/datasets/LiverTox/Resveratrol.jpg,,Oc1ccc(C=Cc2cc(O)cc(O)c2)cc1
../drug-diffuser-0717/datasets/LiverTox/Mercaptopurine.jpg,,S=c1nc[nH]c2nc[nH]c12
../drug-diffuser-0717/datasets/LiverTox/Cangrelor.jpg,,CSCCOP(=O)(O)OCC1OC(n2cnc3c(NC(F)(F)F)nc(S(=O)(=O)CCOP(=O)(O)O)nc32)C(O)C1O
../drug-diffuser-0717/datasets/LiverTox/Levofloxacin.jpg,,CC1COc2c(N3CCN(C)CC3)c(F)cc3c(=O)c(C(=O)O)cn1c23
../drug-diffuser-0717/datasets/LiverTox/Oxybate.jpg,,O=C(O)CCCO
../drug-diffuser-0717/datasets/LiverTox/Diltiazem.jpg,,COc1ccc(C2Sc3ccccc3N(CCN(C)C)C(=O)C2OC(C)=O)cc1
../drug-diffuser-0717/datasets/LiverTox/Minoxidil.jpg,,N=c1nc(N2CCCCC2)cc(N)n1O
../drug-diffuser-0717/datasets/LiverTox/Atorvastatin.jpg,,CC(C)c1c(C(=O)Nc2ccccc2)c(-c2ccccc2)c(-c2ccc(F)cc2)n1CCC(O)CC(O)CC(=O)O
../drug-diffuser-0717/datasets/LiverTox/Montelukast.jpg,,CC(C)(O)CCc1ccccc1CC(SCC1(CC(=O)O)CC1)c1cccc(C=Cc2ccc3ccc(Cl)cc3n2)c1
../drug-diffuser-0717/datasets/LiverTox/Baloxavir.jpg,,O=C1c2c(O)ccc(=O)n2C(C2c3ccccc3CSc3ccc(F)c(F)c32)CN1C1CCOC1
../drug-diffuser-0717/datasets/LiverTox/Streptomycin.jpg,,CNC1C(O)C(CO)OC(OC2C(N)C(O)C(OC3OC(CO)C(O)C(N)C3O)C(N=C(N)N)C2O)C1(C)O
../drug-diffuser-0717/datasets/LiverTox/Pilocarpine.jpg,,CCC1C(=O)OCC1Cc1cncn1C
../drug-diffuser-0717/datasets/LiverTox/Zanubrutinib.jpg,,C=CC(=O)N1CCC(C2CCNc3c(C(N)=O)c(-c4ccc(Oc5ccccc5)cc4)nn32)CC1
../drug-diffuser-0717/datasets/LiverTox/Mirabegron.jpg,,Nc1nc(CC(=O)Nc2ccc(CCNCC(O)c3ccccc3)cc2)cs1
../drug-diffuser-0717/datasets/LiverTox/Eslicarbazepine.jpg,,NC(=O)N1c2ccccc2CC(O)c2ccccc21
../drug-diffuser-0717/datasets/LiverTox/Rimegepant.jpg,,O=C(OC1CCC(c2cccc(F)c2F)C(O)C1)N1CCC(c2ccccn2)C(n2c(=O)[nH]c3cccnc32)CC1
../drug-diffuser-0717/datasets/LiverTox/Didanosine.jpg,,O=c1[nH]cnc2c1ncn2C1CCC(CO)O1
../drug-diffuser-0717/datasets/LiverTox/Meropenem.jpg,,CC(O)C1C(=O)N2C(C(=O)O)=C(SC3CNC(C(=O)N(C)C)C3)C(C)C12
../drug-diffuser-0717/datasets/LiverTox/Indomethacin.jpg,,COc1ccc2c(c1)c(CC(=O)O)c(C)n2C(=O)c1ccc(Cl)cc1
../drug-diffuser-0717/datasets/LiverTox/Amoxicillin.jpg,,CC1(C)SC2C(NC(=O)C(N)C(=O)O)C(c3ccc(O)cc3)N2C1=O
../drug-diffuser-0717/datasets/LiverTox/Iron.jpg,,CC1CC1(C)c1ccccc1F
../drug-diffuser-0717/datasets/LiverTox/Desipramine.jpg,,CNCCCN1c2ccccc2CCc2ccccc21
../drug-diffuser-0717/datasets/LiverTox/Meloxicam.jpg,,Cc1cnc(NC(=O)C2=C(O)c3ccccc3S(=O)(=O)N2C)s1
../drug-diffuser-0717/datasets/LiverTox/Ethosuximide.jpg,,CCC1(C)CC(=O)NC1=O
../drug-diffuser-0717/datasets/LiverTox/Valacyclovir.jpg,,CC(C)C(N)C(=O)OCCOCn1cnc2c(=O)[nH]c(N)nc21
../drug-diffuser-0717/datasets/LiverTox/Atenolol.jpg,,CC(C)NCC(O)COc1ccc(CC(N)=O)cc1
../drug-diffuser-0717/datasets/LiverTox/Nelfinavir.jpg,,Cc1c(O)cccc1C(=O)NC(CSc1ccccc1)C(O)CN1CC2CCCCC2CC1C(=O)NC(C)(C)C
../drug-diffuser-0717/datasets/LiverTox/Acalabrutinib.jpg,,CC#CC(=O)N1CCCC1c1nc(-c2ccc(C(=O)Nc3ccccn3)cc2)c2c(N)nccn12
../drug-diffuser-0717/datasets/LiverTox/Pramlintide.jpg,,C=C1C(=O)CC2=C1C=C1NC=NC(=C1O)C(C)C1=CC2C2=CC3=CC(=O)C4=C3C(C=C4C(=O)N1)C2c1ccccc1C(N)NC1CCC(=O)N1
../drug-diffuser-0717/datasets/LiverTox/Deferasirox.jpg,,O=C(O)c1ccc(-n2nc(-c3ccccc3O)nc2-c2ccccc2O)cc1
../drug-diffuser-0717/datasets/LiverTox/Pentoxifylline.jpg,,CC(=O)CCCCn1c(=O)c2c(ncn2C)n(C)c1=O
../drug-diffuser-0717/datasets/LiverTox/Rivaroxaban.jpg,,O=C(NCC1CN(c2ccc(N3CCOC3=O)cc2)C(=O)O1)c1ccc(Cl)s1
../drug-diffuser-0717/datasets/LiverTox/Nabumetone.jpg,,COc1ccc2cc(CCC(C)=O)ccc2c1
../drug-diffuser-0717/datasets/LiverTox/Nitazoxanide.jpg,,CC(=O)Oc1ccccc1C(=O)Nc1ncc([N+](=O)[O-])s1
../drug-diffuser-0717/datasets/LiverTox/Timolol.jpg,,CC(C)(C)NCC(O)COc1nsnc1N1CCOCC1
../drug-diffuser-0717/datasets/LiverTox/Panobinostat.jpg,,Cc1[nH]c2ccccc2c1CCNCc1ccc(C=CC(=O)NO)cc1
../drug-diffuser-0717/datasets/LiverTox/Linagliptin.jpg,,CC#CCn1c(N2CCCC(N)C2)nc2c1c(=O)n(Cc1nc(C)c3ccccc3n1)c(=O)n2C
../drug-diffuser-0717/datasets/LiverTox/Abiraterone.jpg,,CC12CCC(O)CC1=CCC1C2CCC2(C)C(c3cccnc3)=CCC12
../drug-diffuser-0717/datasets/LiverTox/Benzbromarone.jpg,,CCc1oc2ccccc2c1C(=O)c1cc(Br)c(O)c(Br)c1
../drug-diffuser-0717/datasets/LiverTox/Haloperidol.jpg,,O=C(CCCN1CCC(O)(c2ccc(Cl)cc2)CC1)c1ccc(F)cc1
../drug-diffuser-0717/datasets/LiverTox/Clarithromycin.jpg,,COC1CC(C)C(=O)C(C)C(OC2(C)CC(C)C(O)C(C)O2)C(C)CC(OC2OC(C)C(=O)C(C)C2O)C(C)C(O)CC1OC
../drug-diffuser-0717/datasets/LiverTox/Enasidenib.jpg,,CC(C)(O)CNc1nc(Nc2ccnc(C(F)(F)F)c2)nc(-c2cc(C(F)(F)F)ccn2)n1
../drug-diffuser-0717/datasets/LiverTox/Buspirone.jpg,,O=C1CC2(CCCC2)CC(=O)N1CCCCN1CCN(c2ncccn2)CC1
../drug-diffuser-0717/datasets/LiverTox/Paclitaxel.jpg,,CC(=O)OC1C2C(O)C(O)C(CC(C)C3(OC(=O)C4NC(=O)c5ccccc54)C(C)C(OC(=O)c4ccccc4)=CC(=O)C13C)C2(C)O
../drug-diffuser-0717/datasets/LiverTox/Disulfiram.jpg,,CCN(CC)C(=S)SSC(=S)N(CC)CC
../drug-diffuser-0717/datasets/LiverTox/Carmustine.jpg,,O=NN(CCCl)C(=O)NCCCl
../drug-diffuser-0717/datasets/LiverTox/Eszopiclone.jpg,,CN1CCN(C(=O)OC2c3ncccc3C(=O)N2c2ncc(Cl)cn2)CC1
../drug-diffuser-0717/datasets/LiverTox/Baclofen.jpg,,NCC(CC(=O)O)c1ccc(Cl)cc1
../drug-diffuser-0717/datasets/LiverTox/Vortioxetine.jpg,,Cc1ccc(Sc2ccccc2N2CCNCC2)c(C)c1
../drug-diffuser-0717/datasets/LiverTox/Naloxegol.jpg,,COCCOCCOCCOCCNCCCCCCOCCNC1C(O)CC2Cc3ccc(OC)c4c3C2(CCO4)C1O
../drug-diffuser-0717/datasets/LiverTox/Pantoprazole.jpg,,COc1ccc(CS(=O)c2nc3ccc(OC(F)F)cc3[nH]2)c(OC)c1
../drug-diffuser-0717/datasets/LiverTox/Omadacycline.jpg,,CN(C)Cc1cc(NCC(C)(C)C)c2c(c1O)C(O)=C1C(=O)C3(O)C(O)=C(C(N)=O)C(=O)C(N(C)C)C3CC1C2
../drug-diffuser-0717/datasets/LiverTox/Methylphenidate.jpg,,COC(=O)C(c1ccccc1)C1CCCCN1
../drug-diffuser-0717/datasets/LiverTox/Histrelin.jpg,,CCC(=O)C1CC=C1NC(=O)C(Cc1cnc[nH]1)NC(=O)C(Cc1ccccc1)NC(=O)c1cc(C2CCC2)[nH]c2cc(=O)n(C)c(=O)c1-2
../drug-diffuser-0717/datasets/LiverTox/Ketoconazole.jpg,,CC(=O)N1CCN(c2ccc(OCC3COC(Cn4ccnc4)(c4ccc(Cl)cc4Cl)O3)cc2)CC1
../drug-diffuser-0717/datasets/LiverTox/Tasimelteon.jpg,,CCC(=O)NCC1CC1c1cccc2c1OCO2
../drug-diffuser-0717/datasets/LiverTox/Hydralazine.jpg,,NNc1nncc2ccccc12
../drug-diffuser-0717/datasets/LiverTox/Lacosamide.jpg,,COCC(NC(C)=O)C(=O)NCc1ccccc1
../drug-diffuser-0717/datasets/LiverTox/Moxifloxacin.jpg,,COc1c(N2CC3CCCNC3C2)c(F)cc2c(=O)c(C3CC3)cn(C(=O)O)c12
../drug-diffuser-0717/datasets/LiverTox/Ofloxacin.jpg,,CC1COc2c(N3CCN(C)CC3)c(F)cc3c(=O)c(C(=O)O)cn1c23
../drug-diffuser-0717/datasets/LiverTox/Sitagliptin.jpg,,NC(Cc1ccc(Cl)c(F)c1)Cc1cnc2n1CCN(C(=O)CC(F)(F)F)C2
../drug-diffuser-0717/datasets/LiverTox/Tetrabenazine.jpg,,COc1cc2c(cc1OC)C1CC(=O)C(CC(C)C)CN1CC2
../drug-diffuser-0717/datasets/LiverTox/Fingolimod.jpg,,CCCCCCCCc1ccc(CCC(N)(CO)CO)cc1
../drug-diffuser-0717/datasets/LiverTox/Labetalol.jpg,,CC(CCc1ccccc1)NCC(O)c1ccc(O)c(C(N)=O)c1
../drug-diffuser-0717/datasets/LiverTox/Chlorpromazine.jpg,,CN(C)CCCN1c2ccccc2Sc2ccc(Cl)cc21
../drug-diffuser-0717/datasets/LiverTox/Galantamine.jpg,,COc1ccc2c3c1OC1C=CC(O)CC3C1CC2
../drug-diffuser-0717/datasets/LiverTox/Venlafaxine.jpg,,COc1ccc(C(CN(C)C)C2(O)CCCCC2)cc1
../drug-diffuser-0717/datasets/LiverTox/Flutamide.jpg,,CC(C)C(=O)Nc1ccc([N+](=O)[O-])c(C(F)(F)F)c1
../drug-diffuser-0717/datasets/LiverTox/Plazomicin.jpg,,CNC1C(O)CC(OC2C(NC(=O)CCN)CC(N)C(OC3OC(CNCCO)=CCC3N)C2O)C(C)(O)C1O
../drug-diffuser-0717/datasets/LiverTox/Edoxaban.jpg,,CN1CCc2nc(C(=O)NC3CC(C(=O)N(C)C)CCC3NC(=O)C(=O)Nc3ccc(Cl)cn3)sc2C1
../drug-diffuser-0717/datasets/LiverTox/Entrectinib.jpg,,CN1CCN(c2ccc3c(C(=O)Nc4n[nH]c(Cc5ccc(F)cc5)c4F)cc(NC4CCOCC4)cc3c2)CC1
../drug-diffuser-0717/datasets/LiverTox/Neratinib.jpg,,CCOc1cc2ncc(C#N)c(Nc3ccc(OCc4ccccn4)c(Cl)c3)c2cc1NC(=O)C=CCN(C)C
../drug-diffuser-0717/datasets/LiverTox/Fostamatinib.jpg,,COc1cc(Nc2ncc(F)c(Nc3ccc4c(c3)N(COP(=O)(O)O)CC(C)(C)O4)nc2=O)cc(OC)c1OC
../drug-diffuser-0717/datasets/LiverTox/Mefloquine.jpg,,OC(c1cc(C(F)(F)F)nc2c(C(F)(F)F)cccc12)C1CCCCN1
../drug-diffuser-0717/datasets/LiverTox/Triamterene.jpg,,Nc1nc(N)c2nc(-c3ccccc3)c(N)nc2n1
../drug-diffuser-0717/datasets/LiverTox/Infigratinib.jpg,,CCN1CCN(c2ccc(Nc3cc(N(C)C(=O)Nc4c(F)c(OC)cc(OC)c4Cl)ncn3)cc2)CC1
../drug-diffuser-0717/datasets/LiverTox/Cysteamine.jpg,,NCCS
../drug-diffuser-0717/datasets/LiverTox/Hydroxyurea.jpg,,NC(=O)NO
